/Users/mawei/Library/Python/3.9/lib/python/site-packages/torch/nn/modules/transformer.py:392: UserWarning: enable_nested_tensor is True, but self.use_nested_tensor is False because encoder_layer.norm_first was True
  warnings.warn(
[path_tube_lookahead] mean(T(x)-T(look)) = -0.134
[path_tube_lookahead] mean dot(-gradT, d_look) = -0.307 | min dot = -3.653
[TransformerGate] Soft blend at step 2 (alpha=0.449, prob=0.000, prior=0.149, danger=0, cos=-0.597, dist=0.002)
[TransformerGate] Soft blend at step 3 (alpha=0.391, prob=0.000, prior=0.091, danger=0, cos=-0.275, dist=0.017)
[TransformerGate] Soft blend at step 4 (alpha=0.491, prob=0.000, prior=0.191, danger=1, cos=-0.994, dist=0.003)
[TransformerGate] Soft blend at step 25 (alpha=0.660, prob=1.000, prior=0.000, danger=1, cos=-0.953, dist=0.061)
[TransformerGate] Soft blend at step 50 (alpha=0.660, prob=1.000, prior=0.000, danger=1, cos=-0.962, dist=0.120)
[TransformerGate] Soft blend at step 100 (alpha=0.660, prob=0.988, prior=0.171, danger=1, cos=0.970, dist=0.016)
[TransformerGate] Soft blend at step 125 (alpha=0.436, prob=0.999, prior=0.436, danger=0, cos=-0.763, dist=0.048)
[TransformerGate] Soft blend at step 150 (alpha=0.358, prob=0.385, prior=0.055, danger=0, cos=-0.757, dist=0.186)
[Integrate] backtrack_ratio=0.087 slide_ratio=0.076
[TransformerGate] ratio=0.497 success=True
[TransformerGate] Soft blend at step 2 (alpha=0.449, prob=0.000, prior=0.149, danger=0, cos=-0.597, dist=0.002)
[TransformerGate] Soft blend at step 3 (alpha=0.391, prob=0.000, prior=0.091, danger=0, cos=-0.275, dist=0.017)
[TransformerGate] Soft blend at step 4 (alpha=0.491, prob=0.000, prior=0.191, danger=1, cos=-0.994, dist=0.003)
[TransformerGate] Soft blend at step 25 (alpha=0.660, prob=1.000, prior=0.000, danger=1, cos=-0.953, dist=0.061)
[TransformerGate] Soft blend at step 50 (alpha=0.660, prob=1.000, prior=0.000, danger=1, cos=-0.962, dist=0.120)
[TransformerGate] Soft blend at step 100 (alpha=0.660, prob=0.988, prior=0.171, danger=1, cos=0.970, dist=0.016)
[TransformerGate] Soft blend at step 125 (alpha=0.436, prob=0.999, prior=0.436, danger=0, cos=-0.763, dist=0.048)
[TransformerGate] Soft blend at step 150 (alpha=0.358, prob=0.385, prior=0.055, danger=0, cos=-0.757, dist=0.186)
[Integrate] backtrack_ratio=0.087 slide_ratio=0.076
[TransformerGate] ratio=0.497 success=True
[TransformerGate] Soft blend at step 2 (alpha=0.449, prob=0.000, prior=0.149, danger=0, cos=-0.597, dist=0.002)
[TransformerGate] Soft blend at step 3 (alpha=0.391, prob=0.000, prior=0.091, danger=0, cos=-0.275, dist=0.017)
[TransformerGate] Soft blend at step 4 (alpha=0.491, prob=0.000, prior=0.191, danger=1, cos=-0.994, dist=0.003)
[TransformerGate] Soft blend at step 25 (alpha=0.660, prob=1.000, prior=0.000, danger=1, cos=-0.953, dist=0.061)
[TransformerGate] Soft blend at step 50 (alpha=0.660, prob=1.000, prior=0.000, danger=1, cos=-0.962, dist=0.120)
[TransformerGate] Soft blend at step 100 (alpha=0.660, prob=0.988, prior=0.171, danger=1, cos=0.970, dist=0.016)
[TransformerGate] Soft blend at step 125 (alpha=0.436, prob=0.999, prior=0.436, danger=0, cos=-0.763, dist=0.048)
[TransformerGate] Soft blend at step 150 (alpha=0.358, prob=0.385, prior=0.055, danger=0, cos=-0.757, dist=0.186)
[Integrate] backtrack_ratio=0.087 slide_ratio=0.076
[TransformerGate] ratio=0.497 success=True
[path_tube_lookahead] mean dot(-gradT, d_look) = 0.390 | min dot = -3.926
[Integrate] backtrack_ratio=0.952 slide_ratio=0.948
[TransformerGate] Soft blend at step 2 (alpha=0.390, prob=0.000, prior=0.090, danger=0, cos=-0.086, dist=0.001)
[TransformerGate] Soft blend at step 3 (alpha=0.445, prob=0.000, prior=0.145, danger=0, cos=-0.365, dist=0.015)
[TransformerGate] Soft blend at step 75 (alpha=0.471, prob=0.003, prior=0.171, danger=0, cos=-0.586, dist=0.047)
[TransformerGate] Soft blend at step 100 (alpha=1.000, prob=0.990, prior=0.574, danger=2, cos=-0.868, dist=0.086)
[TransformerGate] Soft blend at step 125 (alpha=0.594, prob=0.000, prior=0.594, danger=1, cos=-0.365, dist=0.003)
[TransformerGate] Soft blend at step 150 (alpha=0.903, prob=1.000, prior=0.903, danger=2, cos=-0.927, dist=0.002)
[TransformerGate] Soft blend at step 175 (alpha=0.377, prob=0.000, prior=0.377, danger=1, cos=-0.300, dist=0.054)
[TransformerGate] Soft blend at step 200 (alpha=1.000, prob=0.854, prior=1.000, danger=1, cos=0.277, dist=0.041)
[TransformerGate] Soft blend at step 225 (alpha=1.000, prob=0.051, prior=0.158, danger=2, cos=0.561, dist=0.052)
[Integrate] backtrack_ratio=0.560 slide_ratio=0.444
[TransformerGate] ratio=0.601 success=False
[Integrate] backtrack_ratio=0.952 slide_ratio=0.948
[TransformerGate] Soft blend at step 2 (alpha=0.390, prob=0.000, prior=0.090, danger=0, cos=-0.086, dist=0.001)
[TransformerGate] Soft blend at step 3 (alpha=0.445, prob=0.000, prior=0.145, danger=0, cos=-0.365, dist=0.015)
[TransformerGate] Soft blend at step 75 (alpha=0.471, prob=0.003, prior=0.171, danger=0, cos=-0.586, dist=0.047)
[TransformerGate] Soft blend at step 100 (alpha=1.000, prob=0.990, prior=0.574, danger=2, cos=-0.868, dist=0.086)
[TransformerGate] Soft blend at step 125 (alpha=0.594, prob=0.000, prior=0.594, danger=1, cos=-0.365, dist=0.003)
[TransformerGate] Soft blend at step 150 (alpha=0.903, prob=1.000, prior=0.903, danger=2, cos=-0.927, dist=0.002)
[TransformerGate] Soft blend at step 175 (alpha=0.377, prob=0.000, prior=0.377, danger=1, cos=-0.300, dist=0.054)
[TransformerGate] Soft blend at step 200 (alpha=1.000, prob=0.854, prior=1.000, danger=1, cos=0.277, dist=0.041)
[TransformerGate] Soft blend at step 225 (alpha=1.000, prob=0.051, prior=0.158, danger=2, cos=0.561, dist=0.052)
[Integrate] backtrack_ratio=0.560 slide_ratio=0.444
[TransformerGate] ratio=0.601 success=False
[Integrate] backtrack_ratio=0.952 slide_ratio=0.948
[TransformerGate] Soft blend at step 2 (alpha=0.390, prob=0.000, prior=0.090, danger=0, cos=-0.086, dist=0.001)
[TransformerGate] Soft blend at step 3 (alpha=0.445, prob=0.000, prior=0.145, danger=0, cos=-0.365, dist=0.015)
[TransformerGate] Soft blend at step 75 (alpha=0.471, prob=0.003, prior=0.171, danger=0, cos=-0.586, dist=0.047)
[TransformerGate] Soft blend at step 100 (alpha=1.000, prob=0.990, prior=0.574, danger=2, cos=-0.868, dist=0.086)
[TransformerGate] Soft blend at step 125 (alpha=0.594, prob=0.000, prior=0.594, danger=1, cos=-0.365, dist=0.003)
[TransformerGate] Soft blend at step 150 (alpha=0.903, prob=1.000, prior=0.903, danger=2, cos=-0.927, dist=0.002)
[TransformerGate] Soft blend at step 175 (alpha=0.377, prob=0.000, prior=0.377, danger=1, cos=-0.300, dist=0.054)
[TransformerGate] Soft blend at step 200 (alpha=1.000, prob=0.854, prior=1.000, danger=1, cos=0.277, dist=0.041)
[TransformerGate] Soft blend at step 225 (alpha=1.000, prob=0.051, prior=0.158, danger=2, cos=0.561, dist=0.052)
[Integrate] backtrack_ratio=0.560 slide_ratio=0.444
[TransformerGate] ratio=0.601 success=False
[path_tube_lookahead] mean(T(x)-T(look)) = -0.080
[path_tube_lookahead] mean dot(-gradT, d_look) = -0.365 | min dot = -3.745
[TransformerGate] Soft blend at step 2 (alpha=0.443, prob=0.000, prior=0.143, danger=0, cos=-0.533, dist=0.003)
[TransformerGate] Soft blend at step 3 (alpha=0.396, prob=0.000, prior=0.096, danger=0, cos=-0.272, dist=0.017)
[TransformerGate] Soft blend at step 4 (alpha=0.481, prob=0.000, prior=0.181, danger=1, cos=-0.980, dist=0.004)
[TransformerGate] Soft blend at step 100 (alpha=0.366, prob=0.000, prior=0.066, danger=0, cos=-0.342, dist=0.011)
[TransformerGate] Soft blend at step 125 (alpha=0.365, prob=0.000, prior=0.065, danger=0, cos=-0.344, dist=0.023)
[TransformerGate] Soft blend at step 200 (alpha=0.660, prob=1.000, prior=0.546, danger=1, cos=-0.998, dist=0.001)
[TransformerGate] Soft blend at step 225 (alpha=1.000, prob=0.000, prior=1.000, danger=1, cos=-0.239, dist=0.048)
[Integrate] backtrack_ratio=0.148 slide_ratio=0.136
[TransformerGate] ratio=0.360 success=False
[TransformerGate] Soft blend at step 2 (alpha=0.443, prob=0.000, prior=0.143, danger=0, cos=-0.533, dist=0.003)
[TransformerGate] Soft blend at step 3 (alpha=0.396, prob=0.000, prior=0.096, danger=0, cos=-0.272, dist=0.017)
[TransformerGate] Soft blend at step 4 (alpha=0.481, prob=0.000, prior=0.181, danger=1, cos=-0.980, dist=0.004)
[TransformerGate] Soft blend at step 100 (alpha=0.366, prob=0.000, prior=0.066, danger=0, cos=-0.342, dist=0.011)
[TransformerGate] Soft blend at step 125 (alpha=0.365, prob=0.000, prior=0.065, danger=0, cos=-0.344, dist=0.023)
[TransformerGate] Soft blend at step 200 (alpha=0.660, prob=1.000, prior=0.546, danger=1, cos=-0.998, dist=0.001)
[TransformerGate] Soft blend at step 225 (alpha=1.000, prob=0.000, prior=1.000, danger=1, cos=-0.239, dist=0.048)
[Integrate] backtrack_ratio=0.148 slide_ratio=0.136
[TransformerGate] ratio=0.360 success=False
[TransformerGate] Soft blend at step 2 (alpha=0.443, prob=0.000, prior=0.143, danger=0, cos=-0.533, dist=0.003)
[TransformerGate] Soft blend at step 3 (alpha=0.396, prob=0.000, prior=0.096, danger=0, cos=-0.272, dist=0.017)
[TransformerGate] Soft blend at step 4 (alpha=0.481, prob=0.000, prior=0.181, danger=1, cos=-0.980, dist=0.004)
[TransformerGate] Soft blend at step 100 (alpha=0.366, prob=0.000, prior=0.066, danger=0, cos=-0.342, dist=0.011)
[TransformerGate] Soft blend at step 125 (alpha=0.365, prob=0.000, prior=0.065, danger=0, cos=-0.344, dist=0.023)
[TransformerGate] Soft blend at step 200 (alpha=0.660, prob=1.000, prior=0.546, danger=1, cos=-0.998, dist=0.001)
[TransformerGate] Soft blend at step 225 (alpha=1.000, prob=0.000, prior=1.000, danger=1, cos=-0.239, dist=0.048)
[Integrate] backtrack_ratio=0.148 slide_ratio=0.136
[TransformerGate] ratio=0.360 success=False
[path_tube_lookahead] mean dot(-gradT, d_look) = 0.614 | min dot = -4.369
[Integrate] backtrack_ratio=0.844 slide_ratio=0.840
[TransformerGate] Soft blend at step 2 (alpha=0.381, prob=0.000, prior=0.081, danger=0, cos=-0.001, dist=0.001)
[TransformerGate] Soft blend at step 3 (alpha=0.402, prob=0.000, prior=0.102, danger=0, cos=-0.403, dist=0.019)
[TransformerGate] Soft blend at step 75 (alpha=0.800, prob=1.000, prior=0.572, danger=2, cos=-0.977, dist=0.097)
[TransformerGate] Soft blend at step 100 (alpha=0.903, prob=0.000, prior=0.603, danger=1, cos=-0.485, dist=0.025)
[TransformerGate] Soft blend at step 125 (alpha=0.649, prob=0.896, prior=0.649, danger=1, cos=-0.478, dist=0.007)
[TransformerGate] Soft blend at step 150 (alpha=0.800, prob=1.000, prior=0.637, danger=2, cos=-0.999, dist=0.082)
[TransformerGate] Soft blend at step 175 (alpha=0.617, prob=0.008, prior=0.617, danger=1, cos=-0.546, dist=0.031)
[TransformerGate] Soft blend at step 200 (alpha=0.605, prob=0.000, prior=0.605, danger=1, cos=-0.414, dist=0.005)
[TransformerGate] Soft blend at step 225 (alpha=0.660, prob=1.000, prior=0.528, danger=1, cos=-0.959, dist=0.034)
[Integrate] backtrack_ratio=0.524 slide_ratio=0.428
[TransformerGate] ratio=0.598 success=False
[Integrate] backtrack_ratio=0.844 slide_ratio=0.840
[TransformerGate] Soft blend at step 2 (alpha=0.381, prob=0.000, prior=0.081, danger=0, cos=-0.001, dist=0.001)
[TransformerGate] Soft blend at step 3 (alpha=0.402, prob=0.000, prior=0.102, danger=0, cos=-0.403, dist=0.019)
[TransformerGate] Soft blend at step 75 (alpha=0.800, prob=1.000, prior=0.572, danger=2, cos=-0.977, dist=0.097)
[TransformerGate] Soft blend at step 100 (alpha=0.903, prob=0.000, prior=0.603, danger=1, cos=-0.485, dist=0.025)
[TransformerGate] Soft blend at step 125 (alpha=0.649, prob=0.896, prior=0.649, danger=1, cos=-0.478, dist=0.007)
[TransformerGate] Soft blend at step 150 (alpha=0.800, prob=1.000, prior=0.637, danger=2, cos=-0.999, dist=0.082)
[TransformerGate] Soft blend at step 175 (alpha=0.617, prob=0.008, prior=0.617, danger=1, cos=-0.546, dist=0.031)
[TransformerGate] Soft blend at step 200 (alpha=0.605, prob=0.000, prior=0.605, danger=1, cos=-0.414, dist=0.005)
[TransformerGate] Soft blend at step 225 (alpha=0.660, prob=1.000, prior=0.528, danger=1, cos=-0.959, dist=0.034)
[Integrate] backtrack_ratio=0.524 slide_ratio=0.428
[TransformerGate] ratio=0.598 success=False
[Integrate] backtrack_ratio=0.844 slide_ratio=0.840
[TransformerGate] Soft blend at step 2 (alpha=0.381, prob=0.000, prior=0.081, danger=0, cos=-0.001, dist=0.001)
[TransformerGate] Soft blend at step 3 (alpha=0.402, prob=0.000, prior=0.102, danger=0, cos=-0.403, dist=0.019)
[TransformerGate] Soft blend at step 75 (alpha=0.800, prob=1.000, prior=0.572, danger=2, cos=-0.977, dist=0.097)
[TransformerGate] Soft blend at step 100 (alpha=0.903, prob=0.000, prior=0.603, danger=1, cos=-0.485, dist=0.025)
[TransformerGate] Soft blend at step 125 (alpha=0.649, prob=0.896, prior=0.649, danger=1, cos=-0.478, dist=0.007)
[TransformerGate] Soft blend at step 150 (alpha=0.800, prob=1.000, prior=0.637, danger=2, cos=-0.999, dist=0.082)
[TransformerGate] Soft blend at step 175 (alpha=0.617, prob=0.008, prior=0.617, danger=1, cos=-0.546, dist=0.031)
[TransformerGate] Soft blend at step 200 (alpha=0.605, prob=0.000, prior=0.605, danger=1, cos=-0.414, dist=0.005)
[TransformerGate] Soft blend at step 225 (alpha=0.660, prob=1.000, prior=0.528, danger=1, cos=-0.959, dist=0.034)
[Integrate] backtrack_ratio=0.524 slide_ratio=0.428
[TransformerGate] ratio=0.598 success=False
[path_tube_lookahead] mean(T(x)-T(look)) = -0.137
[path_tube_lookahead] mean dot(-gradT, d_look) = -0.683 | min dot = -3.533
[Integrate] backtrack_ratio=0.896 slide_ratio=0.880
[TransformerGate] Soft blend at step 2 (alpha=0.412, prob=0.000, prior=0.112, danger=0, cos=-0.270, dist=0.002)
[TransformerGate] Soft blend at step 3 (alpha=0.396, prob=0.000, prior=0.096, danger=0, cos=-0.393, dist=0.016)
[TransformerGate] Soft blend at step 4 (alpha=0.493, prob=0.000, prior=0.193, danger=1, cos=-0.982, dist=0.004)
[TransformerGate] Soft blend at step 25 (alpha=0.660, prob=0.999, prior=0.135, danger=1, cos=-0.978, dist=0.055)
[TransformerGate] Soft blend at step 50 (alpha=0.660, prob=1.000, prior=0.000, danger=1, cos=-0.964, dist=0.086)
[TransformerGate] Soft blend at step 100 (alpha=0.508, prob=0.099, prior=0.208, danger=1, cos=-0.690, dist=0.183)
[TransformerGate] Soft blend at step 150 (alpha=0.572, prob=0.000, prior=0.272, danger=1, cos=-0.365, dist=0.138)
[TransformerGate] Soft blend at step 200 (alpha=0.860, prob=0.000, prior=0.178, danger=1, cos=0.231, dist=0.092)
[TransformerGate] Soft blend at step 225 (alpha=0.496, prob=0.000, prior=0.196, danger=1, cos=0.135, dist=0.103)
[Integrate] backtrack_ratio=0.696 slide_ratio=0.684
[TransformerGate] ratio=0.554 success=False
[Integrate] backtrack_ratio=0.896 slide_ratio=0.880
[TransformerGate] Soft blend at step 2 (alpha=0.412, prob=0.000, prior=0.112, danger=0, cos=-0.270, dist=0.002)
[TransformerGate] Soft blend at step 3 (alpha=0.396, prob=0.000, prior=0.096, danger=0, cos=-0.393, dist=0.016)
[TransformerGate] Soft blend at step 4 (alpha=0.493, prob=0.000, prior=0.193, danger=1, cos=-0.982, dist=0.004)
[TransformerGate] Soft blend at step 25 (alpha=0.660, prob=0.999, prior=0.135, danger=1, cos=-0.978, dist=0.055)
[TransformerGate] Soft blend at step 50 (alpha=0.660, prob=1.000, prior=0.000, danger=1, cos=-0.964, dist=0.086)
[TransformerGate] Soft blend at step 100 (alpha=0.508, prob=0.099, prior=0.208, danger=1, cos=-0.690, dist=0.183)
[TransformerGate] Soft blend at step 150 (alpha=0.572, prob=0.000, prior=0.272, danger=1, cos=-0.365, dist=0.138)
[TransformerGate] Soft blend at step 200 (alpha=0.860, prob=0.000, prior=0.178, danger=1, cos=0.231, dist=0.092)
[TransformerGate] Soft blend at step 225 (alpha=0.496, prob=0.000, prior=0.196, danger=1, cos=0.135, dist=0.103)
[Integrate] backtrack_ratio=0.696 slide_ratio=0.684
[TransformerGate] ratio=0.554 success=False
[Integrate] backtrack_ratio=0.896 slide_ratio=0.880
[TransformerGate] Soft blend at step 2 (alpha=0.412, prob=0.000, prior=0.112, danger=0, cos=-0.270, dist=0.002)
[TransformerGate] Soft blend at step 3 (alpha=0.396, prob=0.000, prior=0.096, danger=0, cos=-0.393, dist=0.016)
[TransformerGate] Soft blend at step 4 (alpha=0.493, prob=0.000, prior=0.193, danger=1, cos=-0.982, dist=0.004)
[TransformerGate] Soft blend at step 25 (alpha=0.660, prob=0.999, prior=0.135, danger=1, cos=-0.978, dist=0.055)
[TransformerGate] Soft blend at step 50 (alpha=0.660, prob=1.000, prior=0.000, danger=1, cos=-0.964, dist=0.086)
[TransformerGate] Soft blend at step 100 (alpha=0.508, prob=0.099, prior=0.208, danger=1, cos=-0.690, dist=0.183)
[TransformerGate] Soft blend at step 150 (alpha=0.572, prob=0.000, prior=0.272, danger=1, cos=-0.365, dist=0.138)
[TransformerGate] Soft blend at step 200 (alpha=0.860, prob=0.000, prior=0.178, danger=1, cos=0.231, dist=0.092)
[TransformerGate] Soft blend at step 225 (alpha=0.496, prob=0.000, prior=0.196, danger=1, cos=0.135, dist=0.103)
[Integrate] backtrack_ratio=0.696 slide_ratio=0.684
[TransformerGate] ratio=0.554 success=False
[path_tube_lookahead] mean(T(x)-T(look)) = -0.067
[path_tube_lookahead] mean dot(-gradT, d_look) = -0.322 | min dot = -6.545
[Integrate] backtrack_ratio=0.864 slide_ratio=0.852
[TransformerGate] Soft blend at step 2 (alpha=0.402, prob=0.000, prior=0.102, danger=0, cos=-0.197, dist=0.001)
[TransformerGate] Soft blend at step 3 (alpha=0.450, prob=0.000, prior=0.150, danger=0, cos=-0.388, dist=0.016)
[TransformerGate] Soft blend at step 25 (alpha=0.660, prob=1.000, prior=0.074, danger=1, cos=-0.984, dist=0.043)
[TransformerGate] Soft blend at step 50 (alpha=1.000, prob=0.000, prior=1.000, danger=0, cos=0.850, dist=0.067)
[TransformerGate] Soft blend at step 75 (alpha=0.660, prob=1.000, prior=0.383, danger=1, cos=-0.971, dist=0.110)
[TransformerGate] Soft blend at step 100 (alpha=0.394, prob=0.000, prior=0.094, danger=1, cos=0.468, dist=0.133)
[TransformerGate] Soft blend at step 125 (alpha=0.860, prob=0.000, prior=0.103, danger=1, cos=0.524, dist=0.122)
[TransformerGate] Soft blend at step 150 (alpha=0.410, prob=0.000, prior=0.110, danger=1, cos=0.461, dist=0.113)
[TransformerGate] Soft blend at step 175 (alpha=0.860, prob=0.000, prior=0.103, danger=1, cos=0.552, dist=0.122)
[Integrate] backtrack_ratio=0.592 slide_ratio=0.572
[TransformerGate] ratio=0.529 success=False
[Integrate] backtrack_ratio=0.864 slide_ratio=0.852
[TransformerGate] Soft blend at step 2 (alpha=0.402, prob=0.000, prior=0.102, danger=0, cos=-0.197, dist=0.001)
[TransformerGate] Soft blend at step 3 (alpha=0.450, prob=0.000, prior=0.150, danger=0, cos=-0.388, dist=0.016)
[TransformerGate] Soft blend at step 25 (alpha=0.660, prob=1.000, prior=0.074, danger=1, cos=-0.984, dist=0.043)
[TransformerGate] Soft blend at step 50 (alpha=1.000, prob=0.000, prior=1.000, danger=0, cos=0.850, dist=0.067)
[TransformerGate] Soft blend at step 75 (alpha=0.660, prob=1.000, prior=0.383, danger=1, cos=-0.971, dist=0.110)
[TransformerGate] Soft blend at step 100 (alpha=0.394, prob=0.000, prior=0.094, danger=1, cos=0.468, dist=0.133)
[TransformerGate] Soft blend at step 125 (alpha=0.860, prob=0.000, prior=0.103, danger=1, cos=0.524, dist=0.122)
[TransformerGate] Soft blend at step 150 (alpha=0.410, prob=0.000, prior=0.110, danger=1, cos=0.461, dist=0.113)
[TransformerGate] Soft blend at step 175 (alpha=0.860, prob=0.000, prior=0.103, danger=1, cos=0.552, dist=0.122)
[Integrate] backtrack_ratio=0.592 slide_ratio=0.572
[TransformerGate] ratio=0.529 success=False
[Integrate] backtrack_ratio=0.864 slide_ratio=0.852
[TransformerGate] Soft blend at step 2 (alpha=0.402, prob=0.000, prior=0.102, danger=0, cos=-0.197, dist=0.001)
[TransformerGate] Soft blend at step 3 (alpha=0.450, prob=0.000, prior=0.150, danger=0, cos=-0.388, dist=0.016)
[TransformerGate] Soft blend at step 25 (alpha=0.660, prob=1.000, prior=0.074, danger=1, cos=-0.984, dist=0.043)
[TransformerGate] Soft blend at step 50 (alpha=1.000, prob=0.000, prior=1.000, danger=0, cos=0.850, dist=0.067)
[TransformerGate] Soft blend at step 75 (alpha=0.660, prob=1.000, prior=0.383, danger=1, cos=-0.971, dist=0.110)
[TransformerGate] Soft blend at step 100 (alpha=0.394, prob=0.000, prior=0.094, danger=1, cos=0.468, dist=0.133)
[TransformerGate] Soft blend at step 125 (alpha=0.860, prob=0.000, prior=0.103, danger=1, cos=0.524, dist=0.122)
[TransformerGate] Soft blend at step 150 (alpha=0.410, prob=0.000, prior=0.110, danger=1, cos=0.461, dist=0.113)
[TransformerGate] Soft blend at step 175 (alpha=0.860, prob=0.000, prior=0.103, danger=1, cos=0.552, dist=0.122)
[Integrate] backtrack_ratio=0.592 slide_ratio=0.572
[TransformerGate] ratio=0.529 success=False
[path_tube_lookahead] mean(T(x)-T(look)) = -0.033
[path_tube_lookahead] mean dot(-gradT, d_look) = -0.050 | min dot = -2.810
[Integrate] backtrack_ratio=0.880 slide_ratio=0.868
[TransformerGate] Soft blend at step 2 (alpha=0.389, prob=0.000, prior=0.089, danger=0, cos=-0.067, dist=0.002)
[TransformerGate] Soft blend at step 3 (alpha=0.387, prob=0.000, prior=0.087, danger=0, cos=-0.323, dist=0.016)
[TransformerGate] Soft blend at step 100 (alpha=1.000, prob=0.082, prior=1.000, danger=0, cos=-0.026, dist=0.011)
[TransformerGate] Soft blend at step 175 (alpha=0.404, prob=0.025, prior=0.104, danger=0, cos=-0.028, dist=0.017)
[TransformerGate] ratio=0.236 success=False
[Integrate] backtrack_ratio=0.880 slide_ratio=0.868
[TransformerGate] Soft blend at step 2 (alpha=0.389, prob=0.000, prior=0.089, danger=0, cos=-0.067, dist=0.002)
[TransformerGate] Soft blend at step 3 (alpha=0.387, prob=0.000, prior=0.087, danger=0, cos=-0.323, dist=0.016)
[TransformerGate] Soft blend at step 100 (alpha=1.000, prob=0.082, prior=1.000, danger=0, cos=-0.026, dist=0.011)
[TransformerGate] Soft blend at step 175 (alpha=0.404, prob=0.025, prior=0.104, danger=0, cos=-0.028, dist=0.017)
[TransformerGate] ratio=0.236 success=False
[Integrate] backtrack_ratio=0.880 slide_ratio=0.868
[TransformerGate] Soft blend at step 2 (alpha=0.389, prob=0.000, prior=0.089, danger=0, cos=-0.067, dist=0.002)
[TransformerGate] Soft blend at step 3 (alpha=0.387, prob=0.000, prior=0.087, danger=0, cos=-0.323, dist=0.016)
[TransformerGate] Soft blend at step 100 (alpha=1.000, prob=0.082, prior=1.000, danger=0, cos=-0.026, dist=0.011)
[TransformerGate] Soft blend at step 175 (alpha=0.404, prob=0.025, prior=0.104, danger=0, cos=-0.028, dist=0.017)
[TransformerGate] ratio=0.236 success=False
[path_tube_lookahead] mean(T(x)-T(look)) = -0.073
[path_tube_lookahead] mean dot(-gradT, d_look) = -0.163 | min dot = -4.110
[Integrate] backtrack_ratio=0.832 slide_ratio=0.824
[TransformerGate] Soft blend at step 2 (alpha=0.408, prob=0.000, prior=0.108, danger=0, cos=-0.247, dist=0.001)
[TransformerGate] Soft blend at step 3 (alpha=0.448, prob=0.000, prior=0.148, danger=0, cos=-0.375, dist=0.016)
[TransformerGate] Soft blend at step 50 (alpha=0.660, prob=1.000, prior=0.137, danger=1, cos=-0.999, dist=0.008)
[TransformerGate] Soft blend at step 75 (alpha=0.686, prob=0.915, prior=0.686, danger=1, cos=-0.772, dist=0.042)
[TransformerGate] Soft blend at step 100 (alpha=0.961, prob=0.005, prior=0.661, danger=1, cos=-0.553, dist=0.015)
[TransformerGate] Soft blend at step 125 (alpha=0.829, prob=1.000, prior=0.829, danger=2, cos=-1.000, dist=0.018)
[TransformerGate] Soft blend at step 150 (alpha=0.523, prob=0.000, prior=0.523, danger=1, cos=-0.350, dist=0.031)
[TransformerGate] Soft blend at step 200 (alpha=1.000, prob=0.087, prior=0.310, danger=2, cos=0.109, dist=0.027)
[TransformerGate] Soft blend at step 225 (alpha=0.660, prob=0.995, prior=0.189, danger=1, cos=0.843, dist=0.014)
[Integrate] backtrack_ratio=0.584 slide_ratio=0.512
[TransformerGate] ratio=0.678 success=False
[Integrate] backtrack_ratio=0.832 slide_ratio=0.824
[TransformerGate] Soft blend at step 2 (alpha=0.408, prob=0.000, prior=0.108, danger=0, cos=-0.247, dist=0.001)
[TransformerGate] Soft blend at step 3 (alpha=0.448, prob=0.000, prior=0.148, danger=0, cos=-0.375, dist=0.016)
[TransformerGate] Soft blend at step 50 (alpha=0.660, prob=1.000, prior=0.137, danger=1, cos=-0.999, dist=0.008)
[TransformerGate] Soft blend at step 75 (alpha=0.686, prob=0.915, prior=0.686, danger=1, cos=-0.772, dist=0.042)
[TransformerGate] Soft blend at step 100 (alpha=0.961, prob=0.005, prior=0.661, danger=1, cos=-0.553, dist=0.015)
[TransformerGate] Soft blend at step 125 (alpha=0.829, prob=1.000, prior=0.829, danger=2, cos=-1.000, dist=0.018)
[TransformerGate] Soft blend at step 150 (alpha=0.523, prob=0.000, prior=0.523, danger=1, cos=-0.350, dist=0.031)
[TransformerGate] Soft blend at step 200 (alpha=1.000, prob=0.087, prior=0.310, danger=2, cos=0.109, dist=0.027)
[TransformerGate] Soft blend at step 225 (alpha=0.660, prob=0.995, prior=0.189, danger=1, cos=0.843, dist=0.014)
[Integrate] backtrack_ratio=0.584 slide_ratio=0.512
[TransformerGate] ratio=0.678 success=False
[Integrate] backtrack_ratio=0.832 slide_ratio=0.824
[TransformerGate] Soft blend at step 2 (alpha=0.408, prob=0.000, prior=0.108, danger=0, cos=-0.247, dist=0.001)
[TransformerGate] Soft blend at step 3 (alpha=0.448, prob=0.000, prior=0.148, danger=0, cos=-0.375, dist=0.016)
[TransformerGate] Soft blend at step 50 (alpha=0.660, prob=1.000, prior=0.137, danger=1, cos=-0.999, dist=0.008)
[TransformerGate] Soft blend at step 75 (alpha=0.686, prob=0.915, prior=0.686, danger=1, cos=-0.772, dist=0.042)
[TransformerGate] Soft blend at step 100 (alpha=0.961, prob=0.005, prior=0.661, danger=1, cos=-0.553, dist=0.015)
[TransformerGate] Soft blend at step 125 (alpha=0.829, prob=1.000, prior=0.829, danger=2, cos=-1.000, dist=0.018)
[TransformerGate] Soft blend at step 150 (alpha=0.523, prob=0.000, prior=0.523, danger=1, cos=-0.350, dist=0.031)
[TransformerGate] Soft blend at step 200 (alpha=1.000, prob=0.087, prior=0.310, danger=2, cos=0.109, dist=0.027)
[TransformerGate] Soft blend at step 225 (alpha=0.660, prob=0.995, prior=0.189, danger=1, cos=0.843, dist=0.014)
[Integrate] backtrack_ratio=0.584 slide_ratio=0.512
[TransformerGate] ratio=0.678 success=False
[path_tube_lookahead] mean(T(x)-T(look)) = -0.092
[path_tube_lookahead] mean dot(-gradT, d_look) = -0.406 | min dot = -3.332
[Integrate] backtrack_ratio=0.884 slide_ratio=0.864
[TransformerGate] Soft blend at step 2 (alpha=0.436, prob=0.000, prior=0.136, danger=0, cos=-0.556, dist=0.002)
[TransformerGate] Soft blend at step 3 (alpha=0.444, prob=0.000, prior=0.144, danger=0, cos=-0.318, dist=0.018)
[TransformerGate] Soft blend at step 25 (alpha=0.960, prob=0.999, prior=0.278, danger=1, cos=-0.888, dist=0.047)
[TransformerGate] Soft blend at step 50 (alpha=0.660, prob=1.000, prior=0.249, danger=1, cos=-0.999, dist=0.023)
[TransformerGate] Soft blend at step 75 (alpha=0.960, prob=0.945, prior=0.144, danger=1, cos=-0.824, dist=0.196)
[TransformerGate] Soft blend at step 100 (alpha=0.860, prob=0.062, prior=0.048, danger=1, cos=-0.633, dist=0.234)
[TransformerGate] Soft blend at step 150 (alpha=0.385, prob=0.000, prior=0.085, danger=1, cos=0.020, dist=0.196)
[TransformerGate] Soft blend at step 175 (alpha=0.353, prob=0.123, prior=0.053, danger=1, cos=0.462, dist=0.184)
[Integrate] backtrack_ratio=0.467 slide_ratio=0.380
[TransformerGate] ratio=0.561 success=False
[Integrate] backtrack_ratio=0.884 slide_ratio=0.864
[TransformerGate] Soft blend at step 2 (alpha=0.436, prob=0.000, prior=0.136, danger=0, cos=-0.556, dist=0.002)
[TransformerGate] Soft blend at step 3 (alpha=0.444, prob=0.000, prior=0.144, danger=0, cos=-0.318, dist=0.018)
[TransformerGate] Soft blend at step 25 (alpha=0.960, prob=0.999, prior=0.278, danger=1, cos=-0.888, dist=0.047)
[TransformerGate] Soft blend at step 50 (alpha=0.660, prob=1.000, prior=0.249, danger=1, cos=-0.999, dist=0.023)
[TransformerGate] Soft blend at step 75 (alpha=0.960, prob=0.945, prior=0.144, danger=1, cos=-0.824, dist=0.196)
[TransformerGate] Soft blend at step 100 (alpha=0.860, prob=0.062, prior=0.048, danger=1, cos=-0.633, dist=0.234)
[TransformerGate] Soft blend at step 150 (alpha=0.385, prob=0.000, prior=0.085, danger=1, cos=0.020, dist=0.196)
[TransformerGate] Soft blend at step 175 (alpha=0.353, prob=0.123, prior=0.053, danger=1, cos=0.462, dist=0.184)
[Integrate] backtrack_ratio=0.467 slide_ratio=0.380
[TransformerGate] ratio=0.561 success=False
[Integrate] backtrack_ratio=0.884 slide_ratio=0.864
[TransformerGate] Soft blend at step 2 (alpha=0.436, prob=0.000, prior=0.136, danger=0, cos=-0.556, dist=0.002)
[TransformerGate] Soft blend at step 3 (alpha=0.444, prob=0.000, prior=0.144, danger=0, cos=-0.318, dist=0.018)
[TransformerGate] Soft blend at step 25 (alpha=0.960, prob=0.999, prior=0.278, danger=1, cos=-0.888, dist=0.047)
[TransformerGate] Soft blend at step 50 (alpha=0.660, prob=1.000, prior=0.249, danger=1, cos=-0.999, dist=0.023)
[TransformerGate] Soft blend at step 75 (alpha=0.960, prob=0.945, prior=0.144, danger=1, cos=-0.824, dist=0.196)
[TransformerGate] Soft blend at step 100 (alpha=0.860, prob=0.062, prior=0.048, danger=1, cos=-0.633, dist=0.234)
[TransformerGate] Soft blend at step 150 (alpha=0.385, prob=0.000, prior=0.085, danger=1, cos=0.020, dist=0.196)
[TransformerGate] Soft blend at step 175 (alpha=0.353, prob=0.123, prior=0.053, danger=1, cos=0.462, dist=0.184)
[Integrate] backtrack_ratio=0.467 slide_ratio=0.380
[TransformerGate] ratio=0.561 success=False
[path_tube_lookahead] mean(T(x)-T(look)) = -0.054
[path_tube_lookahead] mean dot(-gradT, d_look) = -0.083 | min dot = -6.850
[Integrate] backtrack_ratio=0.948 slide_ratio=0.936
[TransformerGate] Soft blend at step 2 (alpha=0.381, prob=0.000, prior=0.081, danger=0, cos=-0.002, dist=0.001)
[TransformerGate] Soft blend at step 3 (alpha=0.404, prob=0.000, prior=0.104, danger=0, cos=-0.421, dist=0.019)
[TransformerGate] Soft blend at step 50 (alpha=0.660, prob=0.977, prior=0.080, danger=1, cos=-0.835, dist=0.055)
[TransformerGate] Soft blend at step 75 (alpha=1.000, prob=0.977, prior=0.539, danger=2, cos=-0.833, dist=0.093)
[TransformerGate] Soft blend at step 100 (alpha=0.620, prob=0.003, prior=0.620, danger=1, cos=-0.559, dist=0.032)
[TransformerGate] Soft blend at step 125 (alpha=0.623, prob=0.730, prior=0.623, danger=1, cos=-0.431, dist=0.007)
[TransformerGate] Soft blend at step 150 (alpha=0.800, prob=1.000, prior=0.749, danger=2, cos=-0.980, dist=0.023)
[TransformerGate] Soft blend at step 175 (alpha=1.000, prob=0.588, prior=1.000, danger=1, cos=-0.761, dist=0.047)
[TransformerGate] Soft blend at step 200 (alpha=0.765, prob=0.001, prior=0.765, danger=1, cos=-0.718, dist=0.008)
[Integrate] backtrack_ratio=0.506 slide_ratio=0.456
[TransformerGate] ratio=0.622 success=True
[Integrate] backtrack_ratio=0.948 slide_ratio=0.936
[TransformerGate] Soft blend at step 2 (alpha=0.381, prob=0.000, prior=0.081, danger=0, cos=-0.002, dist=0.001)
[TransformerGate] Soft blend at step 3 (alpha=0.404, prob=0.000, prior=0.104, danger=0, cos=-0.421, dist=0.019)
[TransformerGate] Soft blend at step 50 (alpha=0.660, prob=0.977, prior=0.080, danger=1, cos=-0.835, dist=0.055)
[TransformerGate] Soft blend at step 75 (alpha=1.000, prob=0.977, prior=0.539, danger=2, cos=-0.833, dist=0.093)
[TransformerGate] Soft blend at step 100 (alpha=0.620, prob=0.003, prior=0.620, danger=1, cos=-0.559, dist=0.032)
[TransformerGate] Soft blend at step 125 (alpha=0.623, prob=0.730, prior=0.623, danger=1, cos=-0.431, dist=0.007)
[TransformerGate] Soft blend at step 150 (alpha=0.800, prob=1.000, prior=0.749, danger=2, cos=-0.980, dist=0.023)
[TransformerGate] Soft blend at step 175 (alpha=1.000, prob=0.588, prior=1.000, danger=1, cos=-0.761, dist=0.047)
[TransformerGate] Soft blend at step 200 (alpha=0.765, prob=0.001, prior=0.765, danger=1, cos=-0.718, dist=0.008)
[Integrate] backtrack_ratio=0.506 slide_ratio=0.456
[TransformerGate] ratio=0.622 success=True
[Integrate] backtrack_ratio=0.948 slide_ratio=0.936
[TransformerGate] Soft blend at step 2 (alpha=0.381, prob=0.000, prior=0.081, danger=0, cos=-0.002, dist=0.001)
[TransformerGate] Soft blend at step 3 (alpha=0.404, prob=0.000, prior=0.104, danger=0, cos=-0.421, dist=0.019)
[TransformerGate] Soft blend at step 50 (alpha=0.660, prob=0.977, prior=0.080, danger=1, cos=-0.835, dist=0.055)
[TransformerGate] Soft blend at step 75 (alpha=1.000, prob=0.977, prior=0.539, danger=2, cos=-0.833, dist=0.093)
[TransformerGate] Soft blend at step 100 (alpha=0.620, prob=0.003, prior=0.620, danger=1, cos=-0.559, dist=0.032)
[TransformerGate] Soft blend at step 125 (alpha=0.623, prob=0.730, prior=0.623, danger=1, cos=-0.431, dist=0.007)
[TransformerGate] Soft blend at step 150 (alpha=0.800, prob=1.000, prior=0.749, danger=2, cos=-0.980, dist=0.023)
[TransformerGate] Soft blend at step 175 (alpha=1.000, prob=0.588, prior=1.000, danger=1, cos=-0.761, dist=0.047)
[TransformerGate] Soft blend at step 200 (alpha=0.765, prob=0.001, prior=0.765, danger=1, cos=-0.718, dist=0.008)
[Integrate] backtrack_ratio=0.506 slide_ratio=0.456
[TransformerGate] ratio=0.622 success=True
[path_tube_lookahead] mean dot(-gradT, d_look) = 0.272 | min dot = -8.426
[Integrate] backtrack_ratio=0.880 slide_ratio=0.860
[TransformerGate] Soft blend at step 2 (alpha=0.421, prob=0.000, prior=0.121, danger=0, cos=-0.353, dist=0.002)
[TransformerGate] Soft blend at step 4 (alpha=0.464, prob=0.000, prior=0.164, danger=1, cos=-0.803, dist=0.003)
[TransformerGate] Soft blend at step 50 (alpha=1.000, prob=0.000, prior=1.000, danger=0, cos=-0.092, dist=0.014)
[TransformerGate] ratio=0.203 success=False
[Integrate] backtrack_ratio=0.880 slide_ratio=0.860
[TransformerGate] Soft blend at step 2 (alpha=0.421, prob=0.000, prior=0.121, danger=0, cos=-0.353, dist=0.002)
[TransformerGate] Soft blend at step 4 (alpha=0.464, prob=0.000, prior=0.164, danger=1, cos=-0.803, dist=0.003)
[TransformerGate] Soft blend at step 50 (alpha=1.000, prob=0.000, prior=1.000, danger=0, cos=-0.092, dist=0.014)
[TransformerGate] ratio=0.203 success=False
[Integrate] backtrack_ratio=0.880 slide_ratio=0.860
[TransformerGate] Soft blend at step 2 (alpha=0.421, prob=0.000, prior=0.121, danger=0, cos=-0.353, dist=0.002)
[TransformerGate] Soft blend at step 4 (alpha=0.464, prob=0.000, prior=0.164, danger=1, cos=-0.803, dist=0.003)
[TransformerGate] Soft blend at step 50 (alpha=1.000, prob=0.000, prior=1.000, danger=0, cos=-0.092, dist=0.014)
[TransformerGate] ratio=0.203 success=False
[path_tube_lookahead] mean dot(-gradT, d_look) = 0.345 | min dot = -5.079
[Integrate] backtrack_ratio=0.814 slide_ratio=0.763
[TransformerGate] Soft blend at step 2 (alpha=0.474, prob=0.000, prior=0.174, danger=1, cos=-0.900, dist=0.002)
[TransformerGate] Soft blend at step 3 (alpha=0.404, prob=0.000, prior=0.104, danger=0, cos=-0.094, dist=0.019)
[TransformerGate] Soft blend at step 25 (alpha=0.660, prob=0.999, prior=0.270, danger=1, cos=-0.993, dist=0.027)
[TransformerGate] Soft blend at step 50 (alpha=0.524, prob=0.023, prior=0.224, danger=0, cos=-0.614, dist=0.027)
[TransformerGate] Soft blend at step 75 (alpha=0.660, prob=1.000, prior=0.000, danger=1, cos=-1.000, dist=0.023)
[TransformerGate] ratio=0.430 success=True
[Integrate] backtrack_ratio=0.814 slide_ratio=0.763
[TransformerGate] Soft blend at step 2 (alpha=0.474, prob=0.000, prior=0.174, danger=1, cos=-0.900, dist=0.002)
[TransformerGate] Soft blend at step 3 (alpha=0.404, prob=0.000, prior=0.104, danger=0, cos=-0.094, dist=0.019)
[TransformerGate] Soft blend at step 25 (alpha=0.660, prob=0.999, prior=0.270, danger=1, cos=-0.993, dist=0.027)
[TransformerGate] Soft blend at step 50 (alpha=0.524, prob=0.023, prior=0.224, danger=0, cos=-0.614, dist=0.027)
[TransformerGate] Soft blend at step 75 (alpha=0.660, prob=1.000, prior=0.000, danger=1, cos=-1.000, dist=0.023)
[TransformerGate] ratio=0.430 success=True
[Integrate] backtrack_ratio=0.814 slide_ratio=0.763
[TransformerGate] Soft blend at step 2 (alpha=0.474, prob=0.000, prior=0.174, danger=1, cos=-0.900, dist=0.002)
[TransformerGate] Soft blend at step 3 (alpha=0.404, prob=0.000, prior=0.104, danger=0, cos=-0.094, dist=0.019)
[TransformerGate] Soft blend at step 25 (alpha=0.660, prob=0.999, prior=0.270, danger=1, cos=-0.993, dist=0.027)
[TransformerGate] Soft blend at step 50 (alpha=0.524, prob=0.023, prior=0.224, danger=0, cos=-0.614, dist=0.027)
[TransformerGate] Soft blend at step 75 (alpha=0.660, prob=1.000, prior=0.000, danger=1, cos=-1.000, dist=0.023)
[TransformerGate] ratio=0.430 success=True
[path_tube_lookahead] mean dot(-gradT, d_look) = 0.347 | min dot = -3.873
[TransformerGate] Soft blend at step 2 (alpha=0.452, prob=0.000, prior=0.152, danger=0, cos=-0.670, dist=0.003)
[TransformerGate] Soft blend at step 3 (alpha=0.418, prob=0.000, prior=0.118, danger=0, cos=-0.275, dist=0.018)
[TransformerGate] Soft blend at step 200 (alpha=1.000, prob=0.002, prior=1.000, danger=0, cos=-0.033, dist=0.012)
[TransformerGate] ratio=0.208 success=False
[TransformerGate] Soft blend at step 2 (alpha=0.452, prob=0.000, prior=0.152, danger=0, cos=-0.670, dist=0.003)
[TransformerGate] Soft blend at step 3 (alpha=0.418, prob=0.000, prior=0.118, danger=0, cos=-0.275, dist=0.018)
[TransformerGate] Soft blend at step 200 (alpha=1.000, prob=0.002, prior=1.000, danger=0, cos=-0.033, dist=0.012)
[TransformerGate] ratio=0.208 success=False
[TransformerGate] Soft blend at step 2 (alpha=0.452, prob=0.000, prior=0.152, danger=0, cos=-0.670, dist=0.003)
[TransformerGate] Soft blend at step 3 (alpha=0.418, prob=0.000, prior=0.118, danger=0, cos=-0.275, dist=0.018)
[TransformerGate] Soft blend at step 200 (alpha=1.000, prob=0.002, prior=1.000, danger=0, cos=-0.033, dist=0.012)
[TransformerGate] ratio=0.208 success=False
[path_tube_lookahead] mean dot(-gradT, d_look) = 0.259 | min dot = -6.041
[Integrate] backtrack_ratio=0.960 slide_ratio=0.956
[TransformerGate] Soft blend at step 2 (alpha=0.428, prob=0.000, prior=0.128, danger=0, cos=-0.419, dist=0.002)
[TransformerGate] Soft blend at step 4 (alpha=0.461, prob=0.000, prior=0.161, danger=0, cos=-0.786, dist=0.004)
[TransformerGate] ratio=0.180 success=False
[Integrate] backtrack_ratio=0.960 slide_ratio=0.956
[TransformerGate] Soft blend at step 2 (alpha=0.428, prob=0.000, prior=0.128, danger=0, cos=-0.419, dist=0.002)
[TransformerGate] Soft blend at step 4 (alpha=0.461, prob=0.000, prior=0.161, danger=0, cos=-0.786, dist=0.004)
[TransformerGate] ratio=0.180 success=False
[Integrate] backtrack_ratio=0.960 slide_ratio=0.956
[TransformerGate] Soft blend at step 2 (alpha=0.428, prob=0.000, prior=0.128, danger=0, cos=-0.419, dist=0.002)
[TransformerGate] Soft blend at step 4 (alpha=0.461, prob=0.000, prior=0.161, danger=0, cos=-0.786, dist=0.004)
[TransformerGate] ratio=0.180 success=False
[path_tube_lookahead] mean dot(-gradT, d_look) = 1.069 | min dot = -3.768
[Integrate] backtrack_ratio=0.940 slide_ratio=0.932
[TransformerGate] Soft blend at step 2 (alpha=0.382, prob=0.000, prior=0.082, danger=0, cos=-0.005, dist=0.001)
[TransformerGate] Soft blend at step 4 (alpha=0.471, prob=0.000, prior=0.171, danger=1, cos=-0.901, dist=0.004)
[TransformerGate] Soft blend at step 25 (alpha=0.660, prob=1.000, prior=0.000, danger=1, cos=-1.000, dist=0.001)
[TransformerGate] ratio=0.225 success=False
[Integrate] backtrack_ratio=0.940 slide_ratio=0.932
[TransformerGate] Soft blend at step 2 (alpha=0.382, prob=0.000, prior=0.082, danger=0, cos=-0.005, dist=0.001)
[TransformerGate] Soft blend at step 4 (alpha=0.471, prob=0.000, prior=0.171, danger=1, cos=-0.901, dist=0.004)
[TransformerGate] Soft blend at step 25 (alpha=0.660, prob=1.000, prior=0.000, danger=1, cos=-1.000, dist=0.001)
[TransformerGate] ratio=0.225 success=False
[Integrate] backtrack_ratio=0.940 slide_ratio=0.932
[TransformerGate] Soft blend at step 2 (alpha=0.382, prob=0.000, prior=0.082, danger=0, cos=-0.005, dist=0.001)
[TransformerGate] Soft blend at step 4 (alpha=0.471, prob=0.000, prior=0.171, danger=1, cos=-0.901, dist=0.004)
[TransformerGate] Soft blend at step 25 (alpha=0.660, prob=1.000, prior=0.000, danger=1, cos=-1.000, dist=0.001)
[TransformerGate] ratio=0.225 success=False
[path_tube_lookahead] mean dot(-gradT, d_look) = 1.085 | min dot = -4.726
[Integrate] backtrack_ratio=0.888 slide_ratio=0.876
[TransformerGate] Soft blend at step 2 (alpha=0.405, prob=0.000, prior=0.105, danger=0, cos=-0.211, dist=0.001)
[TransformerGate] Soft blend at step 4 (alpha=0.467, prob=0.000, prior=0.167, danger=1, cos=-0.838, dist=0.003)
[TransformerGate] Soft blend at step 25 (alpha=0.660, prob=1.000, prior=0.000, danger=1, cos=-0.996, dist=0.017)
[TransformerGate] Soft blend at step 225 (alpha=1.000, prob=0.000, prior=1.000, danger=0, cos=-0.161, dist=0.005)
[TransformerGate] ratio=0.248 success=False
[Integrate] backtrack_ratio=0.888 slide_ratio=0.876
[TransformerGate] Soft blend at step 2 (alpha=0.405, prob=0.000, prior=0.105, danger=0, cos=-0.211, dist=0.001)
[TransformerGate] Soft blend at step 4 (alpha=0.467, prob=0.000, prior=0.167, danger=1, cos=-0.838, dist=0.003)
[TransformerGate] Soft blend at step 25 (alpha=0.660, prob=1.000, prior=0.000, danger=1, cos=-0.996, dist=0.017)
[TransformerGate] Soft blend at step 225 (alpha=1.000, prob=0.000, prior=1.000, danger=0, cos=-0.161, dist=0.005)
[TransformerGate] ratio=0.248 success=False
[Integrate] backtrack_ratio=0.888 slide_ratio=0.876
[TransformerGate] Soft blend at step 2 (alpha=0.405, prob=0.000, prior=0.105, danger=0, cos=-0.211, dist=0.001)
[TransformerGate] Soft blend at step 4 (alpha=0.467, prob=0.000, prior=0.167, danger=1, cos=-0.838, dist=0.003)
[TransformerGate] Soft blend at step 25 (alpha=0.660, prob=1.000, prior=0.000, danger=1, cos=-0.996, dist=0.017)
[TransformerGate] Soft blend at step 225 (alpha=1.000, prob=0.000, prior=1.000, danger=0, cos=-0.161, dist=0.005)
[TransformerGate] ratio=0.248 success=False
[path_tube_lookahead] mean(T(x)-T(look)) = -0.096
[path_tube_lookahead] mean dot(-gradT, d_look) = -0.297 | min dot = -3.861
[Integrate] backtrack_ratio=0.940 slide_ratio=0.932
[TransformerGate] Soft blend at step 2 (alpha=0.399, prob=0.000, prior=0.099, danger=0, cos=-0.163, dist=0.001)
[TransformerGate] Soft blend at step 4 (alpha=0.469, prob=0.000, prior=0.169, danger=1, cos=-0.841, dist=0.002)
[TransformerGate] Soft blend at step 25 (alpha=0.660, prob=1.000, prior=0.000, danger=1, cos=-0.999, dist=0.004)
[TransformerGate] Soft blend at step 50 (alpha=1.000, prob=0.970, prior=1.000, danger=1, cos=-0.999, dist=0.011)
[TransformerGate] Soft blend at step 75 (alpha=0.660, prob=1.000, prior=0.000, danger=1, cos=-1.000, dist=0.004)
[TransformerGate] Soft blend at step 100 (alpha=0.660, prob=1.000, prior=0.581, danger=1, cos=-1.000, dist=0.007)
[TransformerGate] ratio=0.460 success=True
[Integrate] backtrack_ratio=0.940 slide_ratio=0.932
[TransformerGate] Soft blend at step 2 (alpha=0.399, prob=0.000, prior=0.099, danger=0, cos=-0.163, dist=0.001)
[TransformerGate] Soft blend at step 4 (alpha=0.469, prob=0.000, prior=0.169, danger=1, cos=-0.841, dist=0.002)
[TransformerGate] Soft blend at step 25 (alpha=0.660, prob=1.000, prior=0.000, danger=1, cos=-0.999, dist=0.004)
[TransformerGate] Soft blend at step 50 (alpha=1.000, prob=0.970, prior=1.000, danger=1, cos=-0.999, dist=0.011)
[TransformerGate] Soft blend at step 75 (alpha=0.660, prob=1.000, prior=0.000, danger=1, cos=-1.000, dist=0.004)
[TransformerGate] Soft blend at step 100 (alpha=0.660, prob=1.000, prior=0.581, danger=1, cos=-1.000, dist=0.007)
[TransformerGate] ratio=0.460 success=True
[Integrate] backtrack_ratio=0.940 slide_ratio=0.932
[TransformerGate] Soft blend at step 2 (alpha=0.399, prob=0.000, prior=0.099, danger=0, cos=-0.163, dist=0.001)
[TransformerGate] Soft blend at step 4 (alpha=0.469, prob=0.000, prior=0.169, danger=1, cos=-0.841, dist=0.002)
[TransformerGate] Soft blend at step 25 (alpha=0.660, prob=1.000, prior=0.000, danger=1, cos=-0.999, dist=0.004)
[TransformerGate] Soft blend at step 50 (alpha=1.000, prob=0.970, prior=1.000, danger=1, cos=-0.999, dist=0.011)
[TransformerGate] Soft blend at step 75 (alpha=0.660, prob=1.000, prior=0.000, danger=1, cos=-1.000, dist=0.004)
[TransformerGate] Soft blend at step 100 (alpha=0.660, prob=1.000, prior=0.581, danger=1, cos=-1.000, dist=0.007)
[TransformerGate] ratio=0.460 success=True
[path_tube_lookahead] mean dot(-gradT, d_look) = 2.383 | min dot = -6.785
[Integrate] backtrack_ratio=0.960 slide_ratio=0.952
[TransformerGate] Soft blend at step 2 (alpha=0.388, prob=0.000, prior=0.088, danger=0, cos=-0.066, dist=0.001)
[TransformerGate] Soft blend at step 4 (alpha=0.473, prob=0.000, prior=0.173, danger=1, cos=-0.901, dist=0.003)
[TransformerGate] ratio=0.181 success=False
[Integrate] backtrack_ratio=0.960 slide_ratio=0.952
[TransformerGate] Soft blend at step 2 (alpha=0.388, prob=0.000, prior=0.088, danger=0, cos=-0.066, dist=0.001)
[TransformerGate] Soft blend at step 4 (alpha=0.473, prob=0.000, prior=0.173, danger=1, cos=-0.901, dist=0.003)
[TransformerGate] ratio=0.181 success=False
[Integrate] backtrack_ratio=0.960 slide_ratio=0.952
[TransformerGate] Soft blend at step 2 (alpha=0.388, prob=0.000, prior=0.088, danger=0, cos=-0.066, dist=0.001)
[TransformerGate] Soft blend at step 4 (alpha=0.473, prob=0.000, prior=0.173, danger=1, cos=-0.901, dist=0.003)
[TransformerGate] ratio=0.181 success=False
[path_tube_lookahead] mean dot(-gradT, d_look) = 1.697 | min dot = -6.703
[Integrate] backtrack_ratio=0.960 slide_ratio=0.948
[TransformerGate] Soft blend at step 2 (alpha=0.425, prob=0.000, prior=0.125, danger=0, cos=-0.397, dist=0.002)
[TransformerGate] Soft blend at step 3 (alpha=0.423, prob=0.000, prior=0.123, danger=0, cos=-0.328, dist=0.018)
[TransformerGate] Soft blend at step 75 (alpha=0.960, prob=1.000, prior=0.000, danger=1, cos=-0.993, dist=0.343)
[TransformerGate] Soft blend at step 100 (alpha=0.960, prob=1.000, prior=0.000, danger=1, cos=-1.000, dist=0.310)
[TransformerGate] Soft blend at step 200 (alpha=1.000, prob=0.000, prior=1.000, danger=0, cos=-0.178, dist=0.011)
[TransformerGate] ratio=0.352 success=False
[Integrate] backtrack_ratio=0.960 slide_ratio=0.948
[TransformerGate] Soft blend at step 2 (alpha=0.425, prob=0.000, prior=0.125, danger=0, cos=-0.397, dist=0.002)
[TransformerGate] Soft blend at step 3 (alpha=0.423, prob=0.000, prior=0.123, danger=0, cos=-0.328, dist=0.018)
[TransformerGate] Soft blend at step 75 (alpha=0.960, prob=1.000, prior=0.000, danger=1, cos=-0.993, dist=0.343)
[TransformerGate] Soft blend at step 100 (alpha=0.960, prob=1.000, prior=0.000, danger=1, cos=-1.000, dist=0.310)
[TransformerGate] Soft blend at step 200 (alpha=1.000, prob=0.000, prior=1.000, danger=0, cos=-0.178, dist=0.011)
[TransformerGate] ratio=0.352 success=False
[Integrate] backtrack_ratio=0.960 slide_ratio=0.948
[TransformerGate] Soft blend at step 2 (alpha=0.425, prob=0.000, prior=0.125, danger=0, cos=-0.397, dist=0.002)
[TransformerGate] Soft blend at step 3 (alpha=0.423, prob=0.000, prior=0.123, danger=0, cos=-0.328, dist=0.018)
[TransformerGate] Soft blend at step 75 (alpha=0.960, prob=1.000, prior=0.000, danger=1, cos=-0.993, dist=0.343)
[TransformerGate] Soft blend at step 100 (alpha=0.960, prob=1.000, prior=0.000, danger=1, cos=-1.000, dist=0.310)
[TransformerGate] Soft blend at step 200 (alpha=1.000, prob=0.000, prior=1.000, danger=0, cos=-0.178, dist=0.011)
[TransformerGate] ratio=0.352 success=False
[path_tube_lookahead] mean(T(x)-T(look)) = -0.097
[path_tube_lookahead] mean dot(-gradT, d_look) = -0.244 | min dot = -5.331
[Integrate] backtrack_ratio=0.798 slide_ratio=0.717
[TransformerGate] Soft blend at step 2 (alpha=0.382, prob=0.000, prior=0.082, danger=0, cos=-0.013, dist=0.001)
[TransformerGate] Soft blend at step 4 (alpha=0.473, prob=0.000, prior=0.173, danger=1, cos=-0.886, dist=0.002)
[TransformerGate] Soft blend at step 50 (alpha=0.660, prob=1.000, prior=0.079, danger=1, cos=-1.000, dist=0.008)
[TransformerGate] Soft blend at step 75 (alpha=0.660, prob=1.000, prior=0.147, danger=1, cos=-0.992, dist=0.037)
[TransformerGate] ratio=0.418 success=True
[Integrate] backtrack_ratio=0.798 slide_ratio=0.717
[TransformerGate] Soft blend at step 2 (alpha=0.382, prob=0.000, prior=0.082, danger=0, cos=-0.013, dist=0.001)
[TransformerGate] Soft blend at step 4 (alpha=0.473, prob=0.000, prior=0.173, danger=1, cos=-0.886, dist=0.002)
[TransformerGate] Soft blend at step 50 (alpha=0.660, prob=1.000, prior=0.079, danger=1, cos=-1.000, dist=0.008)
[TransformerGate] Soft blend at step 75 (alpha=0.660, prob=1.000, prior=0.147, danger=1, cos=-0.992, dist=0.037)
[TransformerGate] ratio=0.418 success=True
[Integrate] backtrack_ratio=0.798 slide_ratio=0.717
[TransformerGate] Soft blend at step 2 (alpha=0.382, prob=0.000, prior=0.082, danger=0, cos=-0.013, dist=0.001)
[TransformerGate] Soft blend at step 4 (alpha=0.473, prob=0.000, prior=0.173, danger=1, cos=-0.886, dist=0.002)
[TransformerGate] Soft blend at step 50 (alpha=0.660, prob=1.000, prior=0.079, danger=1, cos=-1.000, dist=0.008)
[TransformerGate] Soft blend at step 75 (alpha=0.660, prob=1.000, prior=0.147, danger=1, cos=-0.992, dist=0.037)
[TransformerGate] ratio=0.418 success=True
[path_tube_lookahead] mean(T(x)-T(look)) = -0.079
[path_tube_lookahead] mean dot(-gradT, d_look) = -0.279 | min dot = -4.926
[Integrate] backtrack_ratio=0.936 slide_ratio=0.932
[TransformerGate] Soft blend at step 2 (alpha=0.382, prob=0.000, prior=0.082, danger=0, cos=-0.007, dist=0.001)
[TransformerGate] Soft blend at step 4 (alpha=0.473, prob=0.000, prior=0.173, danger=1, cos=-0.885, dist=0.002)
[TransformerGate] Soft blend at step 25 (alpha=0.660, prob=1.000, prior=0.594, danger=1, cos=-0.982, dist=0.010)
[TransformerGate] Soft blend at step 50 (alpha=0.660, prob=1.000, prior=0.217, danger=1, cos=-1.000, dist=0.022)
[TransformerGate] Soft blend at step 100 (alpha=0.660, prob=0.999, prior=0.277, danger=1, cos=-0.993, dist=0.059)
[TransformerGate] Soft blend at step 125 (alpha=0.660, prob=0.960, prior=0.178, danger=1, cos=-0.640, dist=0.188)
[TransformerGate] Soft blend at step 150 (alpha=0.800, prob=0.997, prior=0.052, danger=2, cos=-0.840, dist=0.235)
[Integrate] backtrack_ratio=0.131 slide_ratio=0.050
[TransformerGate] ratio=0.453 success=True
[Integrate] backtrack_ratio=0.936 slide_ratio=0.932
[TransformerGate] Soft blend at step 2 (alpha=0.382, prob=0.000, prior=0.082, danger=0, cos=-0.007, dist=0.001)
[TransformerGate] Soft blend at step 4 (alpha=0.473, prob=0.000, prior=0.173, danger=1, cos=-0.885, dist=0.002)
[TransformerGate] Soft blend at step 25 (alpha=0.660, prob=1.000, prior=0.594, danger=1, cos=-0.982, dist=0.010)
[TransformerGate] Soft blend at step 50 (alpha=0.660, prob=1.000, prior=0.217, danger=1, cos=-1.000, dist=0.022)
[TransformerGate] Soft blend at step 100 (alpha=0.660, prob=0.999, prior=0.277, danger=1, cos=-0.993, dist=0.059)
[TransformerGate] Soft blend at step 125 (alpha=0.660, prob=0.960, prior=0.178, danger=1, cos=-0.640, dist=0.188)
[TransformerGate] Soft blend at step 150 (alpha=0.800, prob=0.997, prior=0.052, danger=2, cos=-0.840, dist=0.235)
[Integrate] backtrack_ratio=0.131 slide_ratio=0.050
[TransformerGate] ratio=0.453 success=True
[Integrate] backtrack_ratio=0.936 slide_ratio=0.932
[TransformerGate] Soft blend at step 2 (alpha=0.382, prob=0.000, prior=0.082, danger=0, cos=-0.007, dist=0.001)
[TransformerGate] Soft blend at step 4 (alpha=0.473, prob=0.000, prior=0.173, danger=1, cos=-0.885, dist=0.002)
[TransformerGate] Soft blend at step 25 (alpha=0.660, prob=1.000, prior=0.594, danger=1, cos=-0.982, dist=0.010)
[TransformerGate] Soft blend at step 50 (alpha=0.660, prob=1.000, prior=0.217, danger=1, cos=-1.000, dist=0.022)
[TransformerGate] Soft blend at step 100 (alpha=0.660, prob=0.999, prior=0.277, danger=1, cos=-0.993, dist=0.059)
[TransformerGate] Soft blend at step 125 (alpha=0.660, prob=0.960, prior=0.178, danger=1, cos=-0.640, dist=0.188)
[TransformerGate] Soft blend at step 150 (alpha=0.800, prob=0.997, prior=0.052, danger=2, cos=-0.840, dist=0.235)
[Integrate] backtrack_ratio=0.131 slide_ratio=0.050
[TransformerGate] ratio=0.453 success=True
[path_tube_lookahead] mean dot(-gradT, d_look) = 1.357 | min dot = -5.702
[Integrate] backtrack_ratio=0.960 slide_ratio=0.952
[TransformerGate] Soft blend at step 2 (alpha=0.394, prob=0.000, prior=0.094, danger=0, cos=-0.111, dist=0.001)
[TransformerGate] Soft blend at step 4 (alpha=0.470, prob=0.000, prior=0.170, danger=1, cos=-0.880, dist=0.003)
[TransformerGate] Soft blend at step 25 (alpha=0.960, prob=1.000, prior=0.000, danger=1, cos=-1.000, dist=0.053)
[TransformerGate] Soft blend at step 75 (alpha=0.660, prob=1.000, prior=0.000, danger=1, cos=-0.968, dist=0.087)
[TransformerGate] ratio=0.218 success=False
[Integrate] backtrack_ratio=0.960 slide_ratio=0.952
[TransformerGate] Soft blend at step 2 (alpha=0.394, prob=0.000, prior=0.094, danger=0, cos=-0.111, dist=0.001)
[TransformerGate] Soft blend at step 4 (alpha=0.470, prob=0.000, prior=0.170, danger=1, cos=-0.880, dist=0.003)
[TransformerGate] Soft blend at step 25 (alpha=0.960, prob=1.000, prior=0.000, danger=1, cos=-1.000, dist=0.053)
[TransformerGate] Soft blend at step 75 (alpha=0.660, prob=1.000, prior=0.000, danger=1, cos=-0.968, dist=0.087)
[TransformerGate] ratio=0.218 success=False
[Integrate] backtrack_ratio=0.960 slide_ratio=0.952
[TransformerGate] Soft blend at step 2 (alpha=0.394, prob=0.000, prior=0.094, danger=0, cos=-0.111, dist=0.001)
[TransformerGate] Soft blend at step 4 (alpha=0.470, prob=0.000, prior=0.170, danger=1, cos=-0.880, dist=0.003)
[TransformerGate] Soft blend at step 25 (alpha=0.960, prob=1.000, prior=0.000, danger=1, cos=-1.000, dist=0.053)
[TransformerGate] Soft blend at step 75 (alpha=0.660, prob=1.000, prior=0.000, danger=1, cos=-0.968, dist=0.087)
[TransformerGate] ratio=0.218 success=False
[path_tube_lookahead] mean(T(x)-T(look)) = -0.079
[path_tube_lookahead] mean dot(-gradT, d_look) = -0.070 | min dot = -9.548
[Integrate] backtrack_ratio=0.912 slide_ratio=0.908
[TransformerGate] Soft blend at step 2 (alpha=0.388, prob=0.000, prior=0.088, danger=0, cos=-0.062, dist=0.001)
[TransformerGate] Soft blend at step 4 (alpha=0.471, prob=0.000, prior=0.171, danger=1, cos=-0.869, dist=0.002)
[TransformerGate] Soft blend at step 50 (alpha=0.660, prob=1.000, prior=0.000, danger=1, cos=-0.992, dist=0.027)
[TransformerGate] Soft blend at step 100 (alpha=0.660, prob=1.000, prior=0.292, danger=1, cos=-0.972, dist=0.042)
[TransformerGate] Soft blend at step 150 (alpha=0.370, prob=0.467, prior=0.000, danger=0, cos=-0.721, dist=0.391)
[TransformerGate] Soft blend at step 200 (alpha=0.660, prob=1.000, prior=0.000, danger=1, cos=-0.998, dist=0.231)
[TransformerGate] ratio=0.427 success=False
[Integrate] backtrack_ratio=0.912 slide_ratio=0.908
[TransformerGate] Soft blend at step 2 (alpha=0.388, prob=0.000, prior=0.088, danger=0, cos=-0.062, dist=0.001)
[TransformerGate] Soft blend at step 4 (alpha=0.471, prob=0.000, prior=0.171, danger=1, cos=-0.869, dist=0.002)
[TransformerGate] Soft blend at step 50 (alpha=0.660, prob=1.000, prior=0.000, danger=1, cos=-0.992, dist=0.027)
[TransformerGate] Soft blend at step 100 (alpha=0.660, prob=1.000, prior=0.292, danger=1, cos=-0.972, dist=0.042)
[TransformerGate] Soft blend at step 150 (alpha=0.370, prob=0.467, prior=0.000, danger=0, cos=-0.721, dist=0.391)
[TransformerGate] Soft blend at step 200 (alpha=0.660, prob=1.000, prior=0.000, danger=1, cos=-0.998, dist=0.231)
[TransformerGate] ratio=0.427 success=False
[Integrate] backtrack_ratio=0.912 slide_ratio=0.908
[TransformerGate] Soft blend at step 2 (alpha=0.388, prob=0.000, prior=0.088, danger=0, cos=-0.062, dist=0.001)
[TransformerGate] Soft blend at step 4 (alpha=0.471, prob=0.000, prior=0.171, danger=1, cos=-0.869, dist=0.002)
[TransformerGate] Soft blend at step 50 (alpha=0.660, prob=1.000, prior=0.000, danger=1, cos=-0.992, dist=0.027)
[TransformerGate] Soft blend at step 100 (alpha=0.660, prob=1.000, prior=0.292, danger=1, cos=-0.972, dist=0.042)
[TransformerGate] Soft blend at step 150 (alpha=0.370, prob=0.467, prior=0.000, danger=0, cos=-0.721, dist=0.391)
[TransformerGate] Soft blend at step 200 (alpha=0.660, prob=1.000, prior=0.000, danger=1, cos=-0.998, dist=0.231)
[TransformerGate] ratio=0.427 success=False
[path_tube_lookahead] mean dot(-gradT, d_look) = 0.419 | min dot = -6.715
[TransformerGate] Soft blend at step 2 (alpha=0.404, prob=0.000, prior=0.104, danger=0, cos=-0.202, dist=0.001)
[TransformerGate] Soft blend at step 4 (alpha=0.467, prob=0.000, prior=0.167, danger=1, cos=-0.839, dist=0.003)
[TransformerGate] Soft blend at step 125 (alpha=1.000, prob=0.000, prior=1.000, danger=0, cos=-0.068, dist=0.010)
[TransformerGate] ratio=0.198 success=False
[TransformerGate] Soft blend at step 2 (alpha=0.404, prob=0.000, prior=0.104, danger=0, cos=-0.202, dist=0.001)
[TransformerGate] Soft blend at step 4 (alpha=0.467, prob=0.000, prior=0.167, danger=1, cos=-0.839, dist=0.003)
[TransformerGate] Soft blend at step 125 (alpha=1.000, prob=0.000, prior=1.000, danger=0, cos=-0.068, dist=0.010)
[TransformerGate] ratio=0.198 success=False
[TransformerGate] Soft blend at step 2 (alpha=0.404, prob=0.000, prior=0.104, danger=0, cos=-0.202, dist=0.001)
[TransformerGate] Soft blend at step 4 (alpha=0.467, prob=0.000, prior=0.167, danger=1, cos=-0.839, dist=0.003)
[TransformerGate] Soft blend at step 125 (alpha=1.000, prob=0.000, prior=1.000, danger=0, cos=-0.068, dist=0.010)
[TransformerGate] ratio=0.198 success=False
[path_tube_lookahead] mean dot(-gradT, d_look) = 1.212 | min dot = -6.722
[TransformerGate] Soft blend at step 1 (alpha=0.450, prob=0.000, prior=0.450, danger=1, cos=-0.995, dist=0.006)
[TransformerGate] Soft blend at step 2 (alpha=0.520, prob=0.000, prior=0.220, danger=0, cos=-0.240, dist=0.008)
[TransformerGate] Soft blend at step 3 (alpha=0.425, prob=0.000, prior=0.425, danger=1, cos=-0.867, dist=0.008)
[TransformerGate] ratio=0.184 success=False
[TransformerGate] Soft blend at step 1 (alpha=0.450, prob=0.000, prior=0.450, danger=1, cos=-0.995, dist=0.006)
[TransformerGate] Soft blend at step 2 (alpha=0.520, prob=0.000, prior=0.220, danger=0, cos=-0.240, dist=0.008)
[TransformerGate] Soft blend at step 3 (alpha=0.425, prob=0.000, prior=0.425, danger=1, cos=-0.867, dist=0.008)
[TransformerGate] ratio=0.184 success=False
[TransformerGate] Soft blend at step 1 (alpha=0.450, prob=0.000, prior=0.450, danger=1, cos=-0.995, dist=0.006)
[TransformerGate] Soft blend at step 2 (alpha=0.520, prob=0.000, prior=0.220, danger=0, cos=-0.240, dist=0.008)
[TransformerGate] Soft blend at step 3 (alpha=0.425, prob=0.000, prior=0.425, danger=1, cos=-0.867, dist=0.008)
[TransformerGate] ratio=0.184 success=False
[path_tube_lookahead] mean dot(-gradT, d_look) = 0.363 | min dot = -4.294
[TransformerGate] Soft blend at step 2 (alpha=0.399, prob=0.000, prior=0.099, danger=0, cos=-0.159, dist=0.001)
[TransformerGate] Soft blend at step 4 (alpha=0.467, prob=0.000, prior=0.167, danger=1, cos=-0.847, dist=0.003)
[TransformerGate] Soft blend at step 25 (alpha=0.660, prob=1.000, prior=0.000, danger=1, cos=-0.974, dist=0.015)
[TransformerGate] Soft blend at step 100 (alpha=1.000, prob=0.000, prior=1.000, danger=0, cos=-0.104, dist=0.012)
[TransformerGate] ratio=0.265 success=False
[TransformerGate] Soft blend at step 2 (alpha=0.399, prob=0.000, prior=0.099, danger=0, cos=-0.159, dist=0.001)
[TransformerGate] Soft blend at step 4 (alpha=0.467, prob=0.000, prior=0.167, danger=1, cos=-0.847, dist=0.003)
[TransformerGate] Soft blend at step 25 (alpha=0.660, prob=1.000, prior=0.000, danger=1, cos=-0.974, dist=0.015)
[TransformerGate] Soft blend at step 100 (alpha=1.000, prob=0.000, prior=1.000, danger=0, cos=-0.104, dist=0.012)
[TransformerGate] ratio=0.265 success=False
[TransformerGate] Soft blend at step 2 (alpha=0.399, prob=0.000, prior=0.099, danger=0, cos=-0.159, dist=0.001)
[TransformerGate] Soft blend at step 4 (alpha=0.467, prob=0.000, prior=0.167, danger=1, cos=-0.847, dist=0.003)
[TransformerGate] Soft blend at step 25 (alpha=0.660, prob=1.000, prior=0.000, danger=1, cos=-0.974, dist=0.015)
[TransformerGate] Soft blend at step 100 (alpha=1.000, prob=0.000, prior=1.000, danger=0, cos=-0.104, dist=0.012)
[TransformerGate] ratio=0.265 success=False
[path_tube_lookahead] mean(T(x)-T(look)) = -0.118
[path_tube_lookahead] mean dot(-gradT, d_look) = -0.474 | min dot = -2.063
[Integrate] backtrack_ratio=0.928 slide_ratio=0.916
[TransformerGate] Soft blend at step 2 (alpha=0.436, prob=0.000, prior=0.136, danger=0, cos=-0.495, dist=0.002)
[TransformerGate] Soft blend at step 3 (alpha=0.425, prob=0.000, prior=0.125, danger=0, cos=-0.335, dist=0.018)
[TransformerGate] Soft blend at step 25 (alpha=0.660, prob=0.999, prior=0.000, danger=1, cos=-0.997, dist=0.005)
[TransformerGate] Soft blend at step 50 (alpha=0.660, prob=1.000, prior=0.034, danger=1, cos=-0.998, dist=0.040)
[TransformerGate] Soft blend at step 100 (alpha=0.800, prob=0.999, prior=0.293, danger=2, cos=-0.998, dist=0.173)
[TransformerGate] Soft blend at step 125 (alpha=1.000, prob=1.000, prior=0.300, danger=2, cos=-0.998, dist=0.171)
[TransformerGate] Soft blend at step 175 (alpha=0.660, prob=1.000, prior=0.095, danger=1, cos=-0.903, dist=0.027)
[Integrate] backtrack_ratio=0.312 slide_ratio=0.135
[TransformerGate] ratio=0.521 success=True
[Integrate] backtrack_ratio=0.928 slide_ratio=0.916
[TransformerGate] Soft blend at step 2 (alpha=0.436, prob=0.000, prior=0.136, danger=0, cos=-0.495, dist=0.002)
[TransformerGate] Soft blend at step 3 (alpha=0.425, prob=0.000, prior=0.125, danger=0, cos=-0.335, dist=0.018)
[TransformerGate] Soft blend at step 25 (alpha=0.660, prob=0.999, prior=0.000, danger=1, cos=-0.997, dist=0.005)
[TransformerGate] Soft blend at step 50 (alpha=0.660, prob=1.000, prior=0.034, danger=1, cos=-0.998, dist=0.040)
[TransformerGate] Soft blend at step 100 (alpha=0.800, prob=0.999, prior=0.293, danger=2, cos=-0.998, dist=0.173)
[TransformerGate] Soft blend at step 125 (alpha=1.000, prob=1.000, prior=0.300, danger=2, cos=-0.998, dist=0.171)
[TransformerGate] Soft blend at step 175 (alpha=0.660, prob=1.000, prior=0.095, danger=1, cos=-0.903, dist=0.027)
[Integrate] backtrack_ratio=0.312 slide_ratio=0.135
[TransformerGate] ratio=0.521 success=True
[Integrate] backtrack_ratio=0.928 slide_ratio=0.916
[TransformerGate] Soft blend at step 2 (alpha=0.436, prob=0.000, prior=0.136, danger=0, cos=-0.495, dist=0.002)
[TransformerGate] Soft blend at step 3 (alpha=0.425, prob=0.000, prior=0.125, danger=0, cos=-0.335, dist=0.018)
[TransformerGate] Soft blend at step 25 (alpha=0.660, prob=0.999, prior=0.000, danger=1, cos=-0.997, dist=0.005)
[TransformerGate] Soft blend at step 50 (alpha=0.660, prob=1.000, prior=0.034, danger=1, cos=-0.998, dist=0.040)
[TransformerGate] Soft blend at step 100 (alpha=0.800, prob=0.999, prior=0.293, danger=2, cos=-0.998, dist=0.173)
[TransformerGate] Soft blend at step 125 (alpha=1.000, prob=1.000, prior=0.300, danger=2, cos=-0.998, dist=0.171)
[TransformerGate] Soft blend at step 175 (alpha=0.660, prob=1.000, prior=0.095, danger=1, cos=-0.903, dist=0.027)
[Integrate] backtrack_ratio=0.312 slide_ratio=0.135
[TransformerGate] ratio=0.521 success=True
[path_tube_lookahead] mean dot(-gradT, d_look) = 1.668 | min dot = -5.761
[TransformerGate] Soft blend at step 2 (alpha=0.415, prob=0.000, prior=0.115, danger=0, cos=-0.298, dist=0.002)
[TransformerGate] Soft blend at step 4 (alpha=0.464, prob=0.000, prior=0.164, danger=1, cos=-0.806, dist=0.003)
[TransformerGate] Soft blend at step 25 (alpha=0.660, prob=1.000, prior=0.000, danger=1, cos=-1.000, dist=0.002)
[TransformerGate] Soft blend at step 200 (alpha=1.000, prob=0.000, prior=1.000, danger=0, cos=-0.018, dist=0.008)
[TransformerGate] ratio=0.205 success=False
[TransformerGate] Soft blend at step 2 (alpha=0.415, prob=0.000, prior=0.115, danger=0, cos=-0.298, dist=0.002)
[TransformerGate] Soft blend at step 4 (alpha=0.464, prob=0.000, prior=0.164, danger=1, cos=-0.806, dist=0.003)
[TransformerGate] Soft blend at step 25 (alpha=0.660, prob=1.000, prior=0.000, danger=1, cos=-1.000, dist=0.002)
[TransformerGate] Soft blend at step 200 (alpha=1.000, prob=0.000, prior=1.000, danger=0, cos=-0.018, dist=0.008)
[TransformerGate] ratio=0.205 success=False
[TransformerGate] Soft blend at step 2 (alpha=0.415, prob=0.000, prior=0.115, danger=0, cos=-0.298, dist=0.002)
[TransformerGate] Soft blend at step 4 (alpha=0.464, prob=0.000, prior=0.164, danger=1, cos=-0.806, dist=0.003)
[TransformerGate] Soft blend at step 25 (alpha=0.660, prob=1.000, prior=0.000, danger=1, cos=-1.000, dist=0.002)
[TransformerGate] Soft blend at step 200 (alpha=1.000, prob=0.000, prior=1.000, danger=0, cos=-0.018, dist=0.008)
[TransformerGate] ratio=0.205 success=False
[path_tube_lookahead] mean(T(x)-T(look)) = -0.106
[path_tube_lookahead] mean dot(-gradT, d_look) = -0.336 | min dot = -2.393
[Integrate] backtrack_ratio=0.920 slide_ratio=0.916
[TransformerGate] Soft blend at step 2 (alpha=0.461, prob=0.000, prior=0.161, danger=0, cos=-0.752, dist=0.002)
[TransformerGate] Soft blend at step 3 (alpha=0.418, prob=0.000, prior=0.118, danger=0, cos=-0.241, dist=0.018)
[TransformerGate] Soft blend at step 25 (alpha=0.660, prob=1.000, prior=0.000, danger=1, cos=-0.986, dist=0.013)
[TransformerGate] Soft blend at step 50 (alpha=0.660, prob=1.000, prior=0.166, danger=1, cos=-1.000, dist=0.022)
[TransformerGate] Soft blend at step 100 (alpha=0.660, prob=0.980, prior=0.109, danger=1, cos=-0.917, dist=0.207)
[TransformerGate] Soft blend at step 125 (alpha=0.660, prob=0.999, prior=0.045, danger=1, cos=-0.968, dist=0.234)
[TransformerGate] Soft blend at step 150 (alpha=0.660, prob=1.000, prior=0.000, danger=1, cos=-0.994, dist=0.089)
[TransformerGate] Soft blend at step 200 (alpha=1.000, prob=0.999, prior=1.000, danger=1, cos=-0.848, dist=0.062)
[Integrate] backtrack_ratio=0.139 slide_ratio=0.055
[TransformerGate] ratio=0.443 success=True
[Integrate] backtrack_ratio=0.920 slide_ratio=0.916
[TransformerGate] Soft blend at step 2 (alpha=0.461, prob=0.000, prior=0.161, danger=0, cos=-0.752, dist=0.002)
[TransformerGate] Soft blend at step 3 (alpha=0.418, prob=0.000, prior=0.118, danger=0, cos=-0.241, dist=0.018)
[TransformerGate] Soft blend at step 25 (alpha=0.660, prob=1.000, prior=0.000, danger=1, cos=-0.986, dist=0.013)
[TransformerGate] Soft blend at step 50 (alpha=0.660, prob=1.000, prior=0.166, danger=1, cos=-1.000, dist=0.022)
[TransformerGate] Soft blend at step 100 (alpha=0.660, prob=0.980, prior=0.109, danger=1, cos=-0.917, dist=0.207)
[TransformerGate] Soft blend at step 125 (alpha=0.660, prob=0.999, prior=0.045, danger=1, cos=-0.968, dist=0.234)
[TransformerGate] Soft blend at step 150 (alpha=0.660, prob=1.000, prior=0.000, danger=1, cos=-0.994, dist=0.089)
[TransformerGate] Soft blend at step 200 (alpha=1.000, prob=0.999, prior=1.000, danger=1, cos=-0.848, dist=0.062)
[Integrate] backtrack_ratio=0.139 slide_ratio=0.055
[TransformerGate] ratio=0.443 success=True
[Integrate] backtrack_ratio=0.920 slide_ratio=0.916
[TransformerGate] Soft blend at step 2 (alpha=0.461, prob=0.000, prior=0.161, danger=0, cos=-0.752, dist=0.002)
[TransformerGate] Soft blend at step 3 (alpha=0.418, prob=0.000, prior=0.118, danger=0, cos=-0.241, dist=0.018)
[TransformerGate] Soft blend at step 25 (alpha=0.660, prob=1.000, prior=0.000, danger=1, cos=-0.986, dist=0.013)
[TransformerGate] Soft blend at step 50 (alpha=0.660, prob=1.000, prior=0.166, danger=1, cos=-1.000, dist=0.022)
[TransformerGate] Soft blend at step 100 (alpha=0.660, prob=0.980, prior=0.109, danger=1, cos=-0.917, dist=0.207)
[TransformerGate] Soft blend at step 125 (alpha=0.660, prob=0.999, prior=0.045, danger=1, cos=-0.968, dist=0.234)
[TransformerGate] Soft blend at step 150 (alpha=0.660, prob=1.000, prior=0.000, danger=1, cos=-0.994, dist=0.089)
[TransformerGate] Soft blend at step 200 (alpha=1.000, prob=0.999, prior=1.000, danger=1, cos=-0.848, dist=0.062)
[Integrate] backtrack_ratio=0.139 slide_ratio=0.055
[TransformerGate] ratio=0.443 success=True
[path_tube_lookahead] mean dot(-gradT, d_look) = 1.044 | min dot = -4.339
[Integrate] backtrack_ratio=0.278 slide_ratio=0.056
[TransformerGate] Soft blend at step 2 (alpha=0.397, prob=0.000, prior=0.097, danger=0, cos=-0.139, dist=0.001)
[TransformerGate] Soft blend at step 4 (alpha=0.468, prob=0.000, prior=0.168, danger=1, cos=-0.850, dist=0.003)
[TransformerGate] Soft blend at step 50 (alpha=0.660, prob=0.997, prior=0.000, danger=1, cos=-0.994, dist=0.009)
[TransformerGate] Soft blend at step 175 (alpha=1.000, prob=0.000, prior=1.000, danger=0, cos=-0.251, dist=0.011)
[TransformerGate] ratio=0.285 success=False
[Integrate] backtrack_ratio=0.278 slide_ratio=0.056
[TransformerGate] Soft blend at step 2 (alpha=0.397, prob=0.000, prior=0.097, danger=0, cos=-0.139, dist=0.001)
[TransformerGate] Soft blend at step 4 (alpha=0.468, prob=0.000, prior=0.168, danger=1, cos=-0.850, dist=0.003)
[TransformerGate] Soft blend at step 50 (alpha=0.660, prob=0.997, prior=0.000, danger=1, cos=-0.994, dist=0.009)
[TransformerGate] Soft blend at step 175 (alpha=1.000, prob=0.000, prior=1.000, danger=0, cos=-0.251, dist=0.011)
[TransformerGate] ratio=0.285 success=False
[Integrate] backtrack_ratio=0.278 slide_ratio=0.056
[TransformerGate] Soft blend at step 2 (alpha=0.397, prob=0.000, prior=0.097, danger=0, cos=-0.139, dist=0.001)
[TransformerGate] Soft blend at step 4 (alpha=0.468, prob=0.000, prior=0.168, danger=1, cos=-0.850, dist=0.003)
[TransformerGate] Soft blend at step 50 (alpha=0.660, prob=0.997, prior=0.000, danger=1, cos=-0.994, dist=0.009)
[TransformerGate] Soft blend at step 175 (alpha=1.000, prob=0.000, prior=1.000, danger=0, cos=-0.251, dist=0.011)
[TransformerGate] ratio=0.285 success=False
[path_tube_lookahead] mean dot(-gradT, d_look) = 1.937 | min dot = -6.945
[Integrate] backtrack_ratio=0.571 slide_ratio=0.238
[TransformerGate] Soft blend at step 2 (alpha=0.414, prob=0.000, prior=0.114, danger=0, cos=-0.292, dist=0.001)
[TransformerGate] Soft blend at step 4 (alpha=0.468, prob=0.000, prior=0.168, danger=1, cos=-0.838, dist=0.003)
[TransformerGate] Soft blend at step 200 (alpha=1.000, prob=0.000, prior=1.000, danger=1, cos=-0.023, dist=0.012)
[TransformerGate] ratio=0.191 success=False
[Integrate] backtrack_ratio=0.571 slide_ratio=0.238
[TransformerGate] Soft blend at step 2 (alpha=0.414, prob=0.000, prior=0.114, danger=0, cos=-0.292, dist=0.001)
[TransformerGate] Soft blend at step 4 (alpha=0.468, prob=0.000, prior=0.168, danger=1, cos=-0.838, dist=0.003)
[TransformerGate] Soft blend at step 200 (alpha=1.000, prob=0.000, prior=1.000, danger=1, cos=-0.023, dist=0.012)
[TransformerGate] ratio=0.191 success=False
[Integrate] backtrack_ratio=0.571 slide_ratio=0.238
[TransformerGate] Soft blend at step 2 (alpha=0.414, prob=0.000, prior=0.114, danger=0, cos=-0.292, dist=0.001)
[TransformerGate] Soft blend at step 4 (alpha=0.468, prob=0.000, prior=0.168, danger=1, cos=-0.838, dist=0.003)
[TransformerGate] Soft blend at step 200 (alpha=1.000, prob=0.000, prior=1.000, danger=1, cos=-0.023, dist=0.012)
[TransformerGate] ratio=0.191 success=False
[path_tube_lookahead] mean(T(x)-T(look)) = -0.074
[path_tube_lookahead] mean dot(-gradT, d_look) = -0.012 | min dot = -6.019
[Integrate] backtrack_ratio=0.920 slide_ratio=0.904
[TransformerGate] Soft blend at step 2 (alpha=0.384, prob=0.000, prior=0.084, danger=0, cos=-0.028, dist=0.001)
[TransformerGate] Soft blend at step 4 (alpha=0.472, prob=0.000, prior=0.172, danger=1, cos=-0.890, dist=0.003)
[TransformerGate] Soft blend at step 50 (alpha=0.660, prob=0.999, prior=0.000, danger=1, cos=-1.000, dist=0.134)
[TransformerGate] Soft blend at step 75 (alpha=0.660, prob=1.000, prior=0.000, danger=1, cos=-0.991, dist=0.079)
[TransformerGate] Soft blend at step 125 (alpha=0.660, prob=0.999, prior=0.149, danger=1, cos=1.000, dist=0.062)
[Integrate] backtrack_ratio=0.066 slide_ratio=0.020
[TransformerGate] ratio=0.429 success=True
[Integrate] backtrack_ratio=0.920 slide_ratio=0.904
[TransformerGate] Soft blend at step 2 (alpha=0.384, prob=0.000, prior=0.084, danger=0, cos=-0.028, dist=0.001)
[TransformerGate] Soft blend at step 4 (alpha=0.472, prob=0.000, prior=0.172, danger=1, cos=-0.890, dist=0.003)
[TransformerGate] Soft blend at step 50 (alpha=0.660, prob=0.999, prior=0.000, danger=1, cos=-1.000, dist=0.134)
[TransformerGate] Soft blend at step 75 (alpha=0.660, prob=1.000, prior=0.000, danger=1, cos=-0.991, dist=0.079)
[TransformerGate] Soft blend at step 125 (alpha=0.660, prob=0.999, prior=0.149, danger=1, cos=1.000, dist=0.062)
[Integrate] backtrack_ratio=0.066 slide_ratio=0.020
[TransformerGate] ratio=0.429 success=True
[Integrate] backtrack_ratio=0.920 slide_ratio=0.904
[TransformerGate] Soft blend at step 2 (alpha=0.384, prob=0.000, prior=0.084, danger=0, cos=-0.028, dist=0.001)
[TransformerGate] Soft blend at step 4 (alpha=0.472, prob=0.000, prior=0.172, danger=1, cos=-0.890, dist=0.003)
[TransformerGate] Soft blend at step 50 (alpha=0.660, prob=0.999, prior=0.000, danger=1, cos=-1.000, dist=0.134)
[TransformerGate] Soft blend at step 75 (alpha=0.660, prob=1.000, prior=0.000, danger=1, cos=-0.991, dist=0.079)
[TransformerGate] Soft blend at step 125 (alpha=0.660, prob=0.999, prior=0.149, danger=1, cos=1.000, dist=0.062)
[Integrate] backtrack_ratio=0.066 slide_ratio=0.020
[TransformerGate] ratio=0.429 success=True
[path_tube_lookahead] mean(T(x)-T(look)) = -0.093
[path_tube_lookahead] mean dot(-gradT, d_look) = -0.261 | min dot = -7.133
[Integrate] backtrack_ratio=0.016 slide_ratio=0.004
[TransformerGate] Soft blend at step 2 (alpha=0.397, prob=0.000, prior=0.097, danger=0, cos=-0.144, dist=0.001)
[TransformerGate] Soft blend at step 4 (alpha=0.469, prob=0.000, prior=0.169, danger=1, cos=-0.852, dist=0.003)
[TransformerGate] Soft blend at step 75 (alpha=0.660, prob=1.000, prior=0.620, danger=1, cos=-1.000, dist=0.042)
[TransformerGate] Soft blend at step 125 (alpha=0.660, prob=1.000, prior=0.000, danger=1, cos=-0.950, dist=0.061)
[Integrate] backtrack_ratio=0.026 slide_ratio=0.010
[TransformerGate] ratio=0.451 success=True
[Integrate] backtrack_ratio=0.016 slide_ratio=0.004
[TransformerGate] Soft blend at step 2 (alpha=0.397, prob=0.000, prior=0.097, danger=0, cos=-0.144, dist=0.001)
[TransformerGate] Soft blend at step 4 (alpha=0.469, prob=0.000, prior=0.169, danger=1, cos=-0.852, dist=0.003)
[TransformerGate] Soft blend at step 75 (alpha=0.660, prob=1.000, prior=0.620, danger=1, cos=-1.000, dist=0.042)
[TransformerGate] Soft blend at step 125 (alpha=0.660, prob=1.000, prior=0.000, danger=1, cos=-0.950, dist=0.061)
[Integrate] backtrack_ratio=0.026 slide_ratio=0.010
[TransformerGate] ratio=0.451 success=True
[Integrate] backtrack_ratio=0.016 slide_ratio=0.004
[TransformerGate] Soft blend at step 2 (alpha=0.397, prob=0.000, prior=0.097, danger=0, cos=-0.144, dist=0.001)
[TransformerGate] Soft blend at step 4 (alpha=0.469, prob=0.000, prior=0.169, danger=1, cos=-0.852, dist=0.003)
[TransformerGate] Soft blend at step 75 (alpha=0.660, prob=1.000, prior=0.620, danger=1, cos=-1.000, dist=0.042)
[TransformerGate] Soft blend at step 125 (alpha=0.660, prob=1.000, prior=0.000, danger=1, cos=-0.950, dist=0.061)
[Integrate] backtrack_ratio=0.026 slide_ratio=0.010
[TransformerGate] ratio=0.451 success=True
[path_tube_lookahead] mean(T(x)-T(look)) = -0.119
[path_tube_lookahead] mean dot(-gradT, d_look) = -0.268 | min dot = -2.343
[Integrate] backtrack_ratio=0.896 slide_ratio=0.888
[TransformerGate] Soft blend at step 2 (alpha=0.439, prob=0.000, prior=0.139, danger=0, cos=-0.526, dist=0.003)
[TransformerGate] Soft blend at step 3 (alpha=0.428, prob=0.000, prior=0.128, danger=0, cos=-0.374, dist=0.018)
[TransformerGate] Soft blend at step 25 (alpha=0.660, prob=0.999, prior=0.631, danger=1, cos=-0.970, dist=0.008)
[TransformerGate] Soft blend at step 50 (alpha=0.660, prob=1.000, prior=0.048, danger=1, cos=-0.907, dist=0.036)
[TransformerGate] Soft blend at step 75 (alpha=0.660, prob=1.000, prior=0.000, danger=1, cos=-0.993, dist=0.094)
[TransformerGate] Soft blend at step 100 (alpha=0.660, prob=1.000, prior=0.000, danger=1, cos=-0.999, dist=0.040)
[TransformerGate] ratio=0.555 success=True
[Integrate] backtrack_ratio=0.896 slide_ratio=0.888
[TransformerGate] Soft blend at step 2 (alpha=0.439, prob=0.000, prior=0.139, danger=0, cos=-0.526, dist=0.003)
[TransformerGate] Soft blend at step 3 (alpha=0.428, prob=0.000, prior=0.128, danger=0, cos=-0.374, dist=0.018)
[TransformerGate] Soft blend at step 25 (alpha=0.660, prob=0.999, prior=0.631, danger=1, cos=-0.970, dist=0.008)
[TransformerGate] Soft blend at step 50 (alpha=0.660, prob=1.000, prior=0.048, danger=1, cos=-0.907, dist=0.036)
[TransformerGate] Soft blend at step 75 (alpha=0.660, prob=1.000, prior=0.000, danger=1, cos=-0.993, dist=0.094)
[TransformerGate] Soft blend at step 100 (alpha=0.660, prob=1.000, prior=0.000, danger=1, cos=-0.999, dist=0.040)
[TransformerGate] ratio=0.555 success=True
[Integrate] backtrack_ratio=0.896 slide_ratio=0.888
[TransformerGate] Soft blend at step 2 (alpha=0.439, prob=0.000, prior=0.139, danger=0, cos=-0.526, dist=0.003)
[TransformerGate] Soft blend at step 3 (alpha=0.428, prob=0.000, prior=0.128, danger=0, cos=-0.374, dist=0.018)
[TransformerGate] Soft blend at step 25 (alpha=0.660, prob=0.999, prior=0.631, danger=1, cos=-0.970, dist=0.008)
[TransformerGate] Soft blend at step 50 (alpha=0.660, prob=1.000, prior=0.048, danger=1, cos=-0.907, dist=0.036)
[TransformerGate] Soft blend at step 75 (alpha=0.660, prob=1.000, prior=0.000, danger=1, cos=-0.993, dist=0.094)
[TransformerGate] Soft blend at step 100 (alpha=0.660, prob=1.000, prior=0.000, danger=1, cos=-0.999, dist=0.040)
[TransformerGate] ratio=0.555 success=True
[path_tube_lookahead] mean(T(x)-T(look)) = -0.105
[path_tube_lookahead] mean dot(-gradT, d_look) = -0.343 | min dot = -3.869
[Integrate] backtrack_ratio=0.760 slide_ratio=0.752
[TransformerGate] Soft blend at step 2 (alpha=0.411, prob=0.000, prior=0.111, danger=0, cos=-0.272, dist=0.001)
[TransformerGate] Soft blend at step 4 (alpha=0.466, prob=0.000, prior=0.166, danger=1, cos=-0.802, dist=0.002)
[TransformerGate] Soft blend at step 25 (alpha=0.660, prob=1.000, prior=0.000, danger=1, cos=-1.000, dist=0.003)
[TransformerGate] Soft blend at step 50 (alpha=0.660, prob=1.000, prior=0.468, danger=1, cos=-1.000, dist=0.022)
[TransformerGate] Soft blend at step 75 (alpha=0.660, prob=1.000, prior=0.182, danger=1, cos=-0.922, dist=0.029)
[TransformerGate] Soft blend at step 100 (alpha=0.660, prob=0.955, prior=0.398, danger=1, cos=-0.943, dist=0.035)
[Integrate] backtrack_ratio=0.060 slide_ratio=0.048
[TransformerGate] ratio=0.436 success=True
[Integrate] backtrack_ratio=0.760 slide_ratio=0.752
[TransformerGate] Soft blend at step 2 (alpha=0.411, prob=0.000, prior=0.111, danger=0, cos=-0.272, dist=0.001)
[TransformerGate] Soft blend at step 4 (alpha=0.466, prob=0.000, prior=0.166, danger=1, cos=-0.802, dist=0.002)
[TransformerGate] Soft blend at step 25 (alpha=0.660, prob=1.000, prior=0.000, danger=1, cos=-1.000, dist=0.003)
[TransformerGate] Soft blend at step 50 (alpha=0.660, prob=1.000, prior=0.468, danger=1, cos=-1.000, dist=0.022)
[TransformerGate] Soft blend at step 75 (alpha=0.660, prob=1.000, prior=0.182, danger=1, cos=-0.922, dist=0.029)
[TransformerGate] Soft blend at step 100 (alpha=0.660, prob=0.955, prior=0.398, danger=1, cos=-0.943, dist=0.035)
[Integrate] backtrack_ratio=0.060 slide_ratio=0.048
[TransformerGate] ratio=0.436 success=True
[Integrate] backtrack_ratio=0.760 slide_ratio=0.752
[TransformerGate] Soft blend at step 2 (alpha=0.411, prob=0.000, prior=0.111, danger=0, cos=-0.272, dist=0.001)
[TransformerGate] Soft blend at step 4 (alpha=0.466, prob=0.000, prior=0.166, danger=1, cos=-0.802, dist=0.002)
[TransformerGate] Soft blend at step 25 (alpha=0.660, prob=1.000, prior=0.000, danger=1, cos=-1.000, dist=0.003)
[TransformerGate] Soft blend at step 50 (alpha=0.660, prob=1.000, prior=0.468, danger=1, cos=-1.000, dist=0.022)
[TransformerGate] Soft blend at step 75 (alpha=0.660, prob=1.000, prior=0.182, danger=1, cos=-0.922, dist=0.029)
[TransformerGate] Soft blend at step 100 (alpha=0.660, prob=0.955, prior=0.398, danger=1, cos=-0.943, dist=0.035)
[Integrate] backtrack_ratio=0.060 slide_ratio=0.048
[TransformerGate] ratio=0.436 success=True
[path_tube_lookahead] mean dot(-gradT, d_look) = 1.299 | min dot = -4.888
[TransformerGate] Soft blend at step 2 (alpha=0.395, prob=0.000, prior=0.095, danger=0, cos=-0.125, dist=0.001)
[TransformerGate] Soft blend at step 4 (alpha=0.470, prob=0.000, prior=0.170, danger=1, cos=-0.874, dist=0.003)
[TransformerGate] Soft blend at step 175 (alpha=0.660, prob=1.000, prior=0.000, danger=1, cos=-0.984, dist=0.006)
[TransformerGate] ratio=0.309 success=False
[TransformerGate] Soft blend at step 2 (alpha=0.395, prob=0.000, prior=0.095, danger=0, cos=-0.125, dist=0.001)
[TransformerGate] Soft blend at step 4 (alpha=0.470, prob=0.000, prior=0.170, danger=1, cos=-0.874, dist=0.003)
[TransformerGate] Soft blend at step 175 (alpha=0.660, prob=1.000, prior=0.000, danger=1, cos=-0.984, dist=0.006)
[TransformerGate] ratio=0.309 success=False
[TransformerGate] Soft blend at step 2 (alpha=0.395, prob=0.000, prior=0.095, danger=0, cos=-0.125, dist=0.001)
[TransformerGate] Soft blend at step 4 (alpha=0.470, prob=0.000, prior=0.170, danger=1, cos=-0.874, dist=0.003)
[TransformerGate] Soft blend at step 175 (alpha=0.660, prob=1.000, prior=0.000, danger=1, cos=-0.984, dist=0.006)
[TransformerGate] ratio=0.309 success=False
[path_tube_lookahead] mean dot(-gradT, d_look) = 1.245 | min dot = -5.676
[Integrate] backtrack_ratio=0.682 slide_ratio=0.409
[TransformerGate] Soft blend at step 2 (alpha=0.424, prob=0.000, prior=0.124, danger=0, cos=-0.383, dist=0.001)
[TransformerGate] Soft blend at step 3 (alpha=0.421, prob=0.000, prior=0.121, danger=0, cos=-0.309, dist=0.019)
[TransformerGate] Soft blend at step 125 (alpha=1.000, prob=0.000, prior=1.000, danger=1, cos=-0.007, dist=0.011)
[TransformerGate] ratio=0.164 success=False
[Integrate] backtrack_ratio=0.682 slide_ratio=0.409
[TransformerGate] Soft blend at step 2 (alpha=0.424, prob=0.000, prior=0.124, danger=0, cos=-0.383, dist=0.001)
[TransformerGate] Soft blend at step 3 (alpha=0.421, prob=0.000, prior=0.121, danger=0, cos=-0.309, dist=0.019)
[TransformerGate] Soft blend at step 125 (alpha=1.000, prob=0.000, prior=1.000, danger=1, cos=-0.007, dist=0.011)
[TransformerGate] ratio=0.164 success=False
[Integrate] backtrack_ratio=0.682 slide_ratio=0.409
[TransformerGate] Soft blend at step 2 (alpha=0.424, prob=0.000, prior=0.124, danger=0, cos=-0.383, dist=0.001)
[TransformerGate] Soft blend at step 3 (alpha=0.421, prob=0.000, prior=0.121, danger=0, cos=-0.309, dist=0.019)
[TransformerGate] Soft blend at step 125 (alpha=1.000, prob=0.000, prior=1.000, danger=1, cos=-0.007, dist=0.011)
[TransformerGate] ratio=0.164 success=False
[path_tube_lookahead] mean(T(x)-T(look)) = -0.096
[path_tube_lookahead] mean dot(-gradT, d_look) = -0.259 | min dot = -4.494
[Integrate] backtrack_ratio=0.500 slide_ratio=0.200
[TransformerGate] Soft blend at step 2 (alpha=0.389, prob=0.000, prior=0.089, danger=0, cos=-0.069, dist=0.001)
[TransformerGate] Soft blend at step 4 (alpha=0.472, prob=0.000, prior=0.172, danger=1, cos=-0.873, dist=0.002)
[TransformerGate] Soft blend at step 50 (alpha=0.660, prob=1.000, prior=0.000, danger=1, cos=-0.999, dist=0.012)
[TransformerGate] Soft blend at step 100 (alpha=0.660, prob=1.000, prior=0.000, danger=1, cos=-0.975, dist=0.005)
[TransformerGate] ratio=0.414 success=True
[Integrate] backtrack_ratio=0.500 slide_ratio=0.200
[TransformerGate] Soft blend at step 2 (alpha=0.389, prob=0.000, prior=0.089, danger=0, cos=-0.069, dist=0.001)
[TransformerGate] Soft blend at step 4 (alpha=0.472, prob=0.000, prior=0.172, danger=1, cos=-0.873, dist=0.002)
[TransformerGate] Soft blend at step 50 (alpha=0.660, prob=1.000, prior=0.000, danger=1, cos=-0.999, dist=0.012)
[TransformerGate] Soft blend at step 100 (alpha=0.660, prob=1.000, prior=0.000, danger=1, cos=-0.975, dist=0.005)
[TransformerGate] ratio=0.414 success=True
[Integrate] backtrack_ratio=0.500 slide_ratio=0.200
[TransformerGate] Soft blend at step 2 (alpha=0.389, prob=0.000, prior=0.089, danger=0, cos=-0.069, dist=0.001)
[TransformerGate] Soft blend at step 4 (alpha=0.472, prob=0.000, prior=0.172, danger=1, cos=-0.873, dist=0.002)
[TransformerGate] Soft blend at step 50 (alpha=0.660, prob=1.000, prior=0.000, danger=1, cos=-0.999, dist=0.012)
[TransformerGate] Soft blend at step 100 (alpha=0.660, prob=1.000, prior=0.000, danger=1, cos=-0.975, dist=0.005)
[TransformerGate] ratio=0.414 success=True
[path_tube_lookahead] mean dot(-gradT, d_look) = 1.073 | min dot = -8.892
[Integrate] backtrack_ratio=0.891 slide_ratio=0.812
[TransformerGate] Soft blend at step 2 (alpha=0.396, prob=0.000, prior=0.096, danger=0, cos=-0.137, dist=0.001)
[TransformerGate] Soft blend at step 4 (alpha=0.470, prob=0.000, prior=0.170, danger=1, cos=-0.883, dist=0.003)
[TransformerGate] Soft blend at step 75 (alpha=1.000, prob=0.000, prior=1.000, danger=1, cos=-0.006, dist=0.011)
[TransformerGate] ratio=0.173 success=False
[Integrate] backtrack_ratio=0.891 slide_ratio=0.812
[TransformerGate] Soft blend at step 2 (alpha=0.396, prob=0.000, prior=0.096, danger=0, cos=-0.137, dist=0.001)
[TransformerGate] Soft blend at step 4 (alpha=0.470, prob=0.000, prior=0.170, danger=1, cos=-0.883, dist=0.003)
[TransformerGate] Soft blend at step 75 (alpha=1.000, prob=0.000, prior=1.000, danger=1, cos=-0.006, dist=0.011)
[TransformerGate] ratio=0.173 success=False
[Integrate] backtrack_ratio=0.891 slide_ratio=0.812
[TransformerGate] Soft blend at step 2 (alpha=0.396, prob=0.000, prior=0.096, danger=0, cos=-0.137, dist=0.001)
[TransformerGate] Soft blend at step 4 (alpha=0.470, prob=0.000, prior=0.170, danger=1, cos=-0.883, dist=0.003)
[TransformerGate] Soft blend at step 75 (alpha=1.000, prob=0.000, prior=1.000, danger=1, cos=-0.006, dist=0.011)
[TransformerGate] ratio=0.173 success=False
[path_tube_lookahead] mean dot(-gradT, d_look) = 0.779 | min dot = -5.719
[TransformerGate] Soft blend at step 2 (alpha=0.384, prob=0.000, prior=0.084, danger=0, cos=-0.026, dist=0.001)
[TransformerGate] Soft blend at step 4 (alpha=0.472, prob=0.000, prior=0.172, danger=1, cos=-0.904, dist=0.003)
[TransformerGate] Soft blend at step 25 (alpha=0.660, prob=1.000, prior=0.000, danger=1, cos=-1.000, dist=0.021)
[TransformerGate] Soft blend at step 75 (alpha=0.660, prob=0.994, prior=0.307, danger=1, cos=-0.901, dist=0.004)
[TransformerGate] Soft blend at step 150 (alpha=0.362, prob=0.000, prior=0.062, danger=0, cos=-0.388, dist=0.011)
[TransformerGate] Soft blend at step 200 (alpha=0.372, prob=0.000, prior=0.072, danger=0, cos=-0.229, dist=0.011)
[TransformerGate] ratio=0.354 success=False
[TransformerGate] Soft blend at step 2 (alpha=0.384, prob=0.000, prior=0.084, danger=0, cos=-0.026, dist=0.001)
[TransformerGate] Soft blend at step 4 (alpha=0.472, prob=0.000, prior=0.172, danger=1, cos=-0.904, dist=0.003)
[TransformerGate] Soft blend at step 25 (alpha=0.660, prob=1.000, prior=0.000, danger=1, cos=-1.000, dist=0.021)
[TransformerGate] Soft blend at step 75 (alpha=0.660, prob=0.994, prior=0.307, danger=1, cos=-0.901, dist=0.004)
[TransformerGate] Soft blend at step 150 (alpha=0.362, prob=0.000, prior=0.062, danger=0, cos=-0.388, dist=0.011)
[TransformerGate] Soft blend at step 200 (alpha=0.372, prob=0.000, prior=0.072, danger=0, cos=-0.229, dist=0.011)
[TransformerGate] ratio=0.354 success=False
[TransformerGate] Soft blend at step 2 (alpha=0.384, prob=0.000, prior=0.084, danger=0, cos=-0.026, dist=0.001)
[TransformerGate] Soft blend at step 4 (alpha=0.472, prob=0.000, prior=0.172, danger=1, cos=-0.904, dist=0.003)
[TransformerGate] Soft blend at step 25 (alpha=0.660, prob=1.000, prior=0.000, danger=1, cos=-1.000, dist=0.021)
[TransformerGate] Soft blend at step 75 (alpha=0.660, prob=0.994, prior=0.307, danger=1, cos=-0.901, dist=0.004)
[TransformerGate] Soft blend at step 150 (alpha=0.362, prob=0.000, prior=0.062, danger=0, cos=-0.388, dist=0.011)
[TransformerGate] Soft blend at step 200 (alpha=0.372, prob=0.000, prior=0.072, danger=0, cos=-0.229, dist=0.011)
[TransformerGate] ratio=0.354 success=False
[path_tube_lookahead] mean dot(-gradT, d_look) = 1.022 | min dot = -6.383
[Integrate] backtrack_ratio=0.960 slide_ratio=0.948
[TransformerGate] Soft blend at step 2 (alpha=0.389, prob=0.000, prior=0.089, danger=0, cos=-0.067, dist=0.001)
[TransformerGate] Soft blend at step 4 (alpha=0.470, prob=0.000, prior=0.170, danger=1, cos=-0.880, dist=0.003)
[TransformerGate] Soft blend at step 100 (alpha=1.000, prob=0.000, prior=1.000, danger=1, cos=-0.058, dist=0.014)
[TransformerGate] ratio=0.185 success=False
[Integrate] backtrack_ratio=0.960 slide_ratio=0.948
[TransformerGate] Soft blend at step 2 (alpha=0.389, prob=0.000, prior=0.089, danger=0, cos=-0.067, dist=0.001)
[TransformerGate] Soft blend at step 4 (alpha=0.470, prob=0.000, prior=0.170, danger=1, cos=-0.880, dist=0.003)
[TransformerGate] Soft blend at step 100 (alpha=1.000, prob=0.000, prior=1.000, danger=1, cos=-0.058, dist=0.014)
[TransformerGate] ratio=0.185 success=False
[Integrate] backtrack_ratio=0.960 slide_ratio=0.948
[TransformerGate] Soft blend at step 2 (alpha=0.389, prob=0.000, prior=0.089, danger=0, cos=-0.067, dist=0.001)
[TransformerGate] Soft blend at step 4 (alpha=0.470, prob=0.000, prior=0.170, danger=1, cos=-0.880, dist=0.003)
[TransformerGate] Soft blend at step 100 (alpha=1.000, prob=0.000, prior=1.000, danger=1, cos=-0.058, dist=0.014)
[TransformerGate] ratio=0.185 success=False
[path_tube_lookahead] mean dot(-gradT, d_look) = 0.406 | min dot = -4.751
[Integrate] backtrack_ratio=0.936 slide_ratio=0.928
[TransformerGate] Soft blend at step 2 (alpha=0.397, prob=0.000, prior=0.097, danger=0, cos=-0.137, dist=0.001)
[TransformerGate] Soft blend at step 4 (alpha=0.468, prob=0.000, prior=0.168, danger=1, cos=-0.866, dist=0.004)
[TransformerGate] Soft blend at step 150 (alpha=1.000, prob=0.000, prior=1.000, danger=0, cos=-0.179, dist=0.003)
[TransformerGate] ratio=0.224 success=False
[Integrate] backtrack_ratio=0.936 slide_ratio=0.928
[TransformerGate] Soft blend at step 2 (alpha=0.397, prob=0.000, prior=0.097, danger=0, cos=-0.137, dist=0.001)
[TransformerGate] Soft blend at step 4 (alpha=0.468, prob=0.000, prior=0.168, danger=1, cos=-0.866, dist=0.004)
[TransformerGate] Soft blend at step 150 (alpha=1.000, prob=0.000, prior=1.000, danger=0, cos=-0.179, dist=0.003)
[TransformerGate] ratio=0.224 success=False
[Integrate] backtrack_ratio=0.936 slide_ratio=0.928
[TransformerGate] Soft blend at step 2 (alpha=0.397, prob=0.000, prior=0.097, danger=0, cos=-0.137, dist=0.001)
[TransformerGate] Soft blend at step 4 (alpha=0.468, prob=0.000, prior=0.168, danger=1, cos=-0.866, dist=0.004)
[TransformerGate] Soft blend at step 150 (alpha=1.000, prob=0.000, prior=1.000, danger=0, cos=-0.179, dist=0.003)
[TransformerGate] ratio=0.224 success=False
[path_tube_lookahead] mean(T(x)-T(look)) = -0.092
[path_tube_lookahead] mean dot(-gradT, d_look) = -0.125 | min dot = -8.037
[Integrate] backtrack_ratio=0.936 slide_ratio=0.924
[TransformerGate] Soft blend at step 2 (alpha=0.389, prob=0.000, prior=0.089, danger=0, cos=-0.069, dist=0.001)
[TransformerGate] Soft blend at step 4 (alpha=0.471, prob=0.000, prior=0.171, danger=1, cos=-0.877, dist=0.003)
[TransformerGate] Soft blend at step 50 (alpha=0.660, prob=0.991, prior=0.000, danger=1, cos=-1.000, dist=0.098)
[TransformerGate] Soft blend at step 75 (alpha=0.660, prob=1.000, prior=0.000, danger=1, cos=-0.998, dist=0.087)
[TransformerGate] Soft blend at step 150 (alpha=0.960, prob=1.000, prior=0.003, danger=1, cos=-1.000, dist=0.244)
[TransformerGate] Soft blend at step 175 (alpha=0.960, prob=1.000, prior=0.000, danger=1, cos=-0.998, dist=0.255)
[TransformerGate] ratio=0.445 success=False
[Integrate] backtrack_ratio=0.936 slide_ratio=0.924
[TransformerGate] Soft blend at step 2 (alpha=0.389, prob=0.000, prior=0.089, danger=0, cos=-0.069, dist=0.001)
[TransformerGate] Soft blend at step 4 (alpha=0.471, prob=0.000, prior=0.171, danger=1, cos=-0.877, dist=0.003)
[TransformerGate] Soft blend at step 50 (alpha=0.660, prob=0.991, prior=0.000, danger=1, cos=-1.000, dist=0.098)
[TransformerGate] Soft blend at step 75 (alpha=0.660, prob=1.000, prior=0.000, danger=1, cos=-0.998, dist=0.087)
[TransformerGate] Soft blend at step 150 (alpha=0.960, prob=1.000, prior=0.003, danger=1, cos=-1.000, dist=0.244)
[TransformerGate] Soft blend at step 175 (alpha=0.960, prob=1.000, prior=0.000, danger=1, cos=-0.998, dist=0.255)
[TransformerGate] ratio=0.445 success=False
[Integrate] backtrack_ratio=0.936 slide_ratio=0.924
[TransformerGate] Soft blend at step 2 (alpha=0.389, prob=0.000, prior=0.089, danger=0, cos=-0.069, dist=0.001)
[TransformerGate] Soft blend at step 4 (alpha=0.471, prob=0.000, prior=0.171, danger=1, cos=-0.877, dist=0.003)
[TransformerGate] Soft blend at step 50 (alpha=0.660, prob=0.991, prior=0.000, danger=1, cos=-1.000, dist=0.098)
[TransformerGate] Soft blend at step 75 (alpha=0.660, prob=1.000, prior=0.000, danger=1, cos=-0.998, dist=0.087)
[TransformerGate] Soft blend at step 150 (alpha=0.960, prob=1.000, prior=0.003, danger=1, cos=-1.000, dist=0.244)
[TransformerGate] Soft blend at step 175 (alpha=0.960, prob=1.000, prior=0.000, danger=1, cos=-0.998, dist=0.255)
[TransformerGate] ratio=0.445 success=False
[path_tube_lookahead] mean dot(-gradT, d_look) = 1.274 | min dot = -6.122
[Integrate] backtrack_ratio=0.331 slide_ratio=0.266
[TransformerGate] Soft blend at step 2 (alpha=0.388, prob=0.000, prior=0.088, danger=0, cos=-0.058, dist=0.001)
[TransformerGate] Soft blend at step 4 (alpha=0.470, prob=0.000, prior=0.170, danger=1, cos=-0.896, dist=0.004)
[TransformerGate] Soft blend at step 25 (alpha=0.660, prob=0.999, prior=0.014, danger=1, cos=-0.988, dist=0.036)
[TransformerGate] Soft blend at step 225 (alpha=1.000, prob=0.000, prior=1.000, danger=1, cos=-0.035, dist=0.007)
[TransformerGate] ratio=0.236 success=False
[Integrate] backtrack_ratio=0.331 slide_ratio=0.266
[TransformerGate] Soft blend at step 2 (alpha=0.388, prob=0.000, prior=0.088, danger=0, cos=-0.058, dist=0.001)
[TransformerGate] Soft blend at step 4 (alpha=0.470, prob=0.000, prior=0.170, danger=1, cos=-0.896, dist=0.004)
[TransformerGate] Soft blend at step 25 (alpha=0.660, prob=0.999, prior=0.014, danger=1, cos=-0.988, dist=0.036)
[TransformerGate] Soft blend at step 225 (alpha=1.000, prob=0.000, prior=1.000, danger=1, cos=-0.035, dist=0.007)
[TransformerGate] ratio=0.236 success=False
[Integrate] backtrack_ratio=0.331 slide_ratio=0.266
[TransformerGate] Soft blend at step 2 (alpha=0.388, prob=0.000, prior=0.088, danger=0, cos=-0.058, dist=0.001)
[TransformerGate] Soft blend at step 4 (alpha=0.470, prob=0.000, prior=0.170, danger=1, cos=-0.896, dist=0.004)
[TransformerGate] Soft blend at step 25 (alpha=0.660, prob=0.999, prior=0.014, danger=1, cos=-0.988, dist=0.036)
[TransformerGate] Soft blend at step 225 (alpha=1.000, prob=0.000, prior=1.000, danger=1, cos=-0.035, dist=0.007)
[TransformerGate] ratio=0.236 success=False
[path_tube_lookahead] mean dot(-gradT, d_look) = 1.209 | min dot = -5.989
[Integrate] backtrack_ratio=0.739 slide_ratio=0.391
[TransformerGate] Soft blend at step 2 (alpha=0.411, prob=0.000, prior=0.111, danger=0, cos=-0.269, dist=0.001)
[TransformerGate] Soft blend at step 4 (alpha=0.466, prob=0.000, prior=0.166, danger=1, cos=-0.813, dist=0.002)
[TransformerGate] Soft blend at step 75 (alpha=1.000, prob=0.000, prior=1.000, danger=0, cos=-0.178, dist=0.020)
[TransformerGate] ratio=0.206 success=False
[Integrate] backtrack_ratio=0.739 slide_ratio=0.391
[TransformerGate] Soft blend at step 2 (alpha=0.411, prob=0.000, prior=0.111, danger=0, cos=-0.269, dist=0.001)
[TransformerGate] Soft blend at step 4 (alpha=0.466, prob=0.000, prior=0.166, danger=1, cos=-0.813, dist=0.002)
[TransformerGate] Soft blend at step 75 (alpha=1.000, prob=0.000, prior=1.000, danger=0, cos=-0.178, dist=0.020)
[TransformerGate] ratio=0.206 success=False
[Integrate] backtrack_ratio=0.739 slide_ratio=0.391
[TransformerGate] Soft blend at step 2 (alpha=0.411, prob=0.000, prior=0.111, danger=0, cos=-0.269, dist=0.001)
[TransformerGate] Soft blend at step 4 (alpha=0.466, prob=0.000, prior=0.166, danger=1, cos=-0.813, dist=0.002)
[TransformerGate] Soft blend at step 75 (alpha=1.000, prob=0.000, prior=1.000, danger=0, cos=-0.178, dist=0.020)
[TransformerGate] ratio=0.206 success=False
[path_tube_lookahead] mean dot(-gradT, d_look) = 1.782 | min dot = -6.053
[TransformerGate] Soft blend at step 2 (alpha=0.433, prob=0.000, prior=0.133, danger=0, cos=-0.474, dist=0.002)
[TransformerGate] Soft blend at step 3 (alpha=0.420, prob=0.000, prior=0.120, danger=0, cos=-0.287, dist=0.018)
[TransformerGate] Soft blend at step 25 (alpha=0.660, prob=1.000, prior=0.000, danger=1, cos=-0.994, dist=0.017)
[TransformerGate] Soft blend at step 75 (alpha=1.000, prob=0.000, prior=1.000, danger=0, cos=0.033, dist=0.020)
[TransformerGate] Soft blend at step 125 (alpha=0.396, prob=0.000, prior=0.096, danger=0, cos=-0.049, dist=0.008)
[TransformerGate] Soft blend at step 150 (alpha=0.396, prob=0.000, prior=0.096, danger=0, cos=-0.076, dist=0.023)
[TransformerGate] Soft blend at step 200 (alpha=1.000, prob=0.000, prior=1.000, danger=1, cos=-0.320, dist=0.007)
[TransformerGate] ratio=0.284 success=False
[TransformerGate] Soft blend at step 2 (alpha=0.433, prob=0.000, prior=0.133, danger=0, cos=-0.474, dist=0.002)
[TransformerGate] Soft blend at step 3 (alpha=0.420, prob=0.000, prior=0.120, danger=0, cos=-0.287, dist=0.018)
[TransformerGate] Soft blend at step 25 (alpha=0.660, prob=1.000, prior=0.000, danger=1, cos=-0.994, dist=0.017)
[TransformerGate] Soft blend at step 75 (alpha=1.000, prob=0.000, prior=1.000, danger=0, cos=0.033, dist=0.020)
[TransformerGate] Soft blend at step 125 (alpha=0.396, prob=0.000, prior=0.096, danger=0, cos=-0.049, dist=0.008)
[TransformerGate] Soft blend at step 150 (alpha=0.396, prob=0.000, prior=0.096, danger=0, cos=-0.076, dist=0.023)
[TransformerGate] Soft blend at step 200 (alpha=1.000, prob=0.000, prior=1.000, danger=1, cos=-0.320, dist=0.007)
[TransformerGate] ratio=0.284 success=False
[TransformerGate] Soft blend at step 2 (alpha=0.433, prob=0.000, prior=0.133, danger=0, cos=-0.474, dist=0.002)
[TransformerGate] Soft blend at step 3 (alpha=0.420, prob=0.000, prior=0.120, danger=0, cos=-0.287, dist=0.018)
[TransformerGate] Soft blend at step 25 (alpha=0.660, prob=1.000, prior=0.000, danger=1, cos=-0.994, dist=0.017)
[TransformerGate] Soft blend at step 75 (alpha=1.000, prob=0.000, prior=1.000, danger=0, cos=0.033, dist=0.020)
[TransformerGate] Soft blend at step 125 (alpha=0.396, prob=0.000, prior=0.096, danger=0, cos=-0.049, dist=0.008)
[TransformerGate] Soft blend at step 150 (alpha=0.396, prob=0.000, prior=0.096, danger=0, cos=-0.076, dist=0.023)
[TransformerGate] Soft blend at step 200 (alpha=1.000, prob=0.000, prior=1.000, danger=1, cos=-0.320, dist=0.007)
[TransformerGate] ratio=0.284 success=False
[path_tube_lookahead] mean dot(-gradT, d_look) = 0.400 | min dot = -3.563
[Integrate] backtrack_ratio=0.900 slide_ratio=0.884
[TransformerGate] Soft blend at step 2 (alpha=0.440, prob=0.000, prior=0.140, danger=0, cos=-0.536, dist=0.003)
[TransformerGate] Soft blend at step 3 (alpha=0.422, prob=0.000, prior=0.122, danger=0, cos=-0.319, dist=0.018)
[TransformerGate] Soft blend at step 75 (alpha=1.000, prob=0.000, prior=1.000, danger=1, cos=-0.002, dist=0.001)
[TransformerGate] ratio=0.231 success=False
[Integrate] backtrack_ratio=0.900 slide_ratio=0.884
[TransformerGate] Soft blend at step 2 (alpha=0.440, prob=0.000, prior=0.140, danger=0, cos=-0.536, dist=0.003)
[TransformerGate] Soft blend at step 3 (alpha=0.422, prob=0.000, prior=0.122, danger=0, cos=-0.319, dist=0.018)
[TransformerGate] Soft blend at step 75 (alpha=1.000, prob=0.000, prior=1.000, danger=1, cos=-0.002, dist=0.001)
[TransformerGate] ratio=0.231 success=False
[Integrate] backtrack_ratio=0.900 slide_ratio=0.884
[TransformerGate] Soft blend at step 2 (alpha=0.440, prob=0.000, prior=0.140, danger=0, cos=-0.536, dist=0.003)
[TransformerGate] Soft blend at step 3 (alpha=0.422, prob=0.000, prior=0.122, danger=0, cos=-0.319, dist=0.018)
[TransformerGate] Soft blend at step 75 (alpha=1.000, prob=0.000, prior=1.000, danger=1, cos=-0.002, dist=0.001)
[TransformerGate] ratio=0.231 success=False
[path_tube_lookahead] mean(T(x)-T(look)) = -0.068
[path_tube_lookahead] mean dot(-gradT, d_look) = 0.007 | min dot = -7.436
[Integrate] backtrack_ratio=0.900 slide_ratio=0.850
[TransformerGate] Soft blend at step 2 (alpha=0.388, prob=0.000, prior=0.088, danger=0, cos=-0.058, dist=0.001)
[TransformerGate] Soft blend at step 4 (alpha=0.471, prob=0.000, prior=0.171, danger=1, cos=-0.885, dist=0.003)
[TransformerGate] Soft blend at step 50 (alpha=0.660, prob=0.953, prior=0.000, danger=1, cos=-1.000, dist=0.211)
[TransformerGate] Soft blend at step 75 (alpha=0.660, prob=1.000, prior=0.000, danger=1, cos=-0.948, dist=0.131)
[TransformerGate] Soft blend at step 100 (alpha=0.660, prob=1.000, prior=0.000, danger=1, cos=-0.998, dist=0.105)
[TransformerGate] ratio=0.350 success=True
[Integrate] backtrack_ratio=0.900 slide_ratio=0.850
[TransformerGate] Soft blend at step 2 (alpha=0.388, prob=0.000, prior=0.088, danger=0, cos=-0.058, dist=0.001)
[TransformerGate] Soft blend at step 4 (alpha=0.471, prob=0.000, prior=0.171, danger=1, cos=-0.885, dist=0.003)
[TransformerGate] Soft blend at step 50 (alpha=0.660, prob=0.953, prior=0.000, danger=1, cos=-1.000, dist=0.211)
[TransformerGate] Soft blend at step 75 (alpha=0.660, prob=1.000, prior=0.000, danger=1, cos=-0.948, dist=0.131)
[TransformerGate] Soft blend at step 100 (alpha=0.660, prob=1.000, prior=0.000, danger=1, cos=-0.998, dist=0.105)
[TransformerGate] ratio=0.350 success=True
[Integrate] backtrack_ratio=0.900 slide_ratio=0.850
[TransformerGate] Soft blend at step 2 (alpha=0.388, prob=0.000, prior=0.088, danger=0, cos=-0.058, dist=0.001)
[TransformerGate] Soft blend at step 4 (alpha=0.471, prob=0.000, prior=0.171, danger=1, cos=-0.885, dist=0.003)
[TransformerGate] Soft blend at step 50 (alpha=0.660, prob=0.953, prior=0.000, danger=1, cos=-1.000, dist=0.211)
[TransformerGate] Soft blend at step 75 (alpha=0.660, prob=1.000, prior=0.000, danger=1, cos=-0.948, dist=0.131)
[TransformerGate] Soft blend at step 100 (alpha=0.660, prob=1.000, prior=0.000, danger=1, cos=-0.998, dist=0.105)
[TransformerGate] ratio=0.350 success=True
[path_tube_lookahead] mean dot(-gradT, d_look) = 0.752 | min dot = -4.399
[Integrate] backtrack_ratio=0.960 slide_ratio=0.960
[TransformerGate] Soft blend at step 2 (alpha=0.397, prob=0.000, prior=0.097, danger=0, cos=-0.140, dist=0.001)
[TransformerGate] Soft blend at step 4 (alpha=0.470, prob=0.000, prior=0.170, danger=1, cos=-0.873, dist=0.003)
[TransformerGate] Soft blend at step 50 (alpha=0.660, prob=1.000, prior=0.000, danger=1, cos=-0.983, dist=0.084)
[TransformerGate] ratio=0.285 success=False
[Integrate] backtrack_ratio=0.960 slide_ratio=0.960
[TransformerGate] Soft blend at step 2 (alpha=0.397, prob=0.000, prior=0.097, danger=0, cos=-0.140, dist=0.001)
[TransformerGate] Soft blend at step 4 (alpha=0.470, prob=0.000, prior=0.170, danger=1, cos=-0.873, dist=0.003)
[TransformerGate] Soft blend at step 50 (alpha=0.660, prob=1.000, prior=0.000, danger=1, cos=-0.983, dist=0.084)
[TransformerGate] ratio=0.285 success=False
[Integrate] backtrack_ratio=0.960 slide_ratio=0.960
[TransformerGate] Soft blend at step 2 (alpha=0.397, prob=0.000, prior=0.097, danger=0, cos=-0.140, dist=0.001)
[TransformerGate] Soft blend at step 4 (alpha=0.470, prob=0.000, prior=0.170, danger=1, cos=-0.873, dist=0.003)
[TransformerGate] Soft blend at step 50 (alpha=0.660, prob=1.000, prior=0.000, danger=1, cos=-0.983, dist=0.084)
[TransformerGate] ratio=0.285 success=False
[path_tube_lookahead] mean(T(x)-T(look)) = -0.083
[path_tube_lookahead] mean dot(-gradT, d_look) = -0.178 | min dot = -6.401
[Integrate] backtrack_ratio=0.928 slide_ratio=0.920
[TransformerGate] Soft blend at step 2 (alpha=0.401, prob=0.000, prior=0.101, danger=0, cos=-0.181, dist=0.001)
[TransformerGate] Soft blend at step 4 (alpha=0.469, prob=0.000, prior=0.169, danger=1, cos=-0.849, dist=0.003)
[TransformerGate] Soft blend at step 50 (alpha=0.860, prob=0.000, prior=0.000, danger=0, cos=0.960, dist=0.169)
[TransformerGate] Soft blend at step 75 (alpha=0.660, prob=1.000, prior=0.000, danger=1, cos=-0.975, dist=0.146)
[TransformerGate] Soft blend at step 100 (alpha=0.660, prob=1.000, prior=0.020, danger=1, cos=-0.935, dist=0.147)
[TransformerGate] Soft blend at step 125 (alpha=0.660, prob=0.999, prior=0.000, danger=1, cos=-0.895, dist=0.197)
[TransformerGate] Soft blend at step 200 (alpha=0.860, prob=0.999, prior=0.283, danger=1, cos=-0.845, dist=0.143)
[Integrate] backtrack_ratio=0.141 slide_ratio=0.117
[TransformerGate] ratio=0.368 success=True
[Integrate] backtrack_ratio=0.928 slide_ratio=0.920
[TransformerGate] Soft blend at step 2 (alpha=0.401, prob=0.000, prior=0.101, danger=0, cos=-0.181, dist=0.001)
[TransformerGate] Soft blend at step 4 (alpha=0.469, prob=0.000, prior=0.169, danger=1, cos=-0.849, dist=0.003)
[TransformerGate] Soft blend at step 50 (alpha=0.860, prob=0.000, prior=0.000, danger=0, cos=0.960, dist=0.169)
[TransformerGate] Soft blend at step 75 (alpha=0.660, prob=1.000, prior=0.000, danger=1, cos=-0.975, dist=0.146)
[TransformerGate] Soft blend at step 100 (alpha=0.660, prob=1.000, prior=0.020, danger=1, cos=-0.935, dist=0.147)
[TransformerGate] Soft blend at step 125 (alpha=0.660, prob=0.999, prior=0.000, danger=1, cos=-0.895, dist=0.197)
[TransformerGate] Soft blend at step 200 (alpha=0.860, prob=0.999, prior=0.283, danger=1, cos=-0.845, dist=0.143)
[Integrate] backtrack_ratio=0.141 slide_ratio=0.117
[TransformerGate] ratio=0.368 success=True
[Integrate] backtrack_ratio=0.928 slide_ratio=0.920
[TransformerGate] Soft blend at step 2 (alpha=0.401, prob=0.000, prior=0.101, danger=0, cos=-0.181, dist=0.001)
[TransformerGate] Soft blend at step 4 (alpha=0.469, prob=0.000, prior=0.169, danger=1, cos=-0.849, dist=0.003)
[TransformerGate] Soft blend at step 50 (alpha=0.860, prob=0.000, prior=0.000, danger=0, cos=0.960, dist=0.169)
[TransformerGate] Soft blend at step 75 (alpha=0.660, prob=1.000, prior=0.000, danger=1, cos=-0.975, dist=0.146)
[TransformerGate] Soft blend at step 100 (alpha=0.660, prob=1.000, prior=0.020, danger=1, cos=-0.935, dist=0.147)
[TransformerGate] Soft blend at step 125 (alpha=0.660, prob=0.999, prior=0.000, danger=1, cos=-0.895, dist=0.197)
[TransformerGate] Soft blend at step 200 (alpha=0.860, prob=0.999, prior=0.283, danger=1, cos=-0.845, dist=0.143)
[Integrate] backtrack_ratio=0.141 slide_ratio=0.117
[TransformerGate] ratio=0.368 success=True
[path_tube_lookahead] mean dot(-gradT, d_look) = 2.109 | min dot = -3.987
[TransformerGate] Soft blend at step 2 (alpha=0.469, prob=0.000, prior=0.169, danger=1, cos=-0.862, dist=0.003)
[TransformerGate] Soft blend at step 3 (alpha=0.406, prob=0.000, prior=0.106, danger=0, cos=-0.133, dist=0.018)
[TransformerGate] Soft blend at step 50 (alpha=1.000, prob=0.000, prior=1.000, danger=0, cos=-0.015, dist=0.012)
[TransformerGate] Soft blend at step 225 (alpha=1.000, prob=0.000, prior=1.000, danger=0, cos=-0.146, dist=0.006)
[TransformerGate] ratio=0.173 success=False
[TransformerGate] Soft blend at step 2 (alpha=0.469, prob=0.000, prior=0.169, danger=1, cos=-0.862, dist=0.003)
[TransformerGate] Soft blend at step 3 (alpha=0.406, prob=0.000, prior=0.106, danger=0, cos=-0.133, dist=0.018)
[TransformerGate] Soft blend at step 50 (alpha=1.000, prob=0.000, prior=1.000, danger=0, cos=-0.015, dist=0.012)
[TransformerGate] Soft blend at step 225 (alpha=1.000, prob=0.000, prior=1.000, danger=0, cos=-0.146, dist=0.006)
[TransformerGate] ratio=0.173 success=False
[TransformerGate] Soft blend at step 2 (alpha=0.469, prob=0.000, prior=0.169, danger=1, cos=-0.862, dist=0.003)
[TransformerGate] Soft blend at step 3 (alpha=0.406, prob=0.000, prior=0.106, danger=0, cos=-0.133, dist=0.018)
[TransformerGate] Soft blend at step 50 (alpha=1.000, prob=0.000, prior=1.000, danger=0, cos=-0.015, dist=0.012)
[TransformerGate] Soft blend at step 225 (alpha=1.000, prob=0.000, prior=1.000, danger=0, cos=-0.146, dist=0.006)
[TransformerGate] ratio=0.173 success=False
[path_tube_lookahead] mean dot(-gradT, d_look) = 1.798 | min dot = -7.480
[Integrate] backtrack_ratio=0.960 slide_ratio=0.948
[TransformerGate] Soft blend at step 2 (alpha=0.393, prob=0.000, prior=0.093, danger=0, cos=-0.106, dist=0.001)
[TransformerGate] Soft blend at step 4 (alpha=0.471, prob=0.000, prior=0.171, danger=1, cos=-0.880, dist=0.003)
[TransformerGate] Soft blend at step 150 (alpha=1.000, prob=0.000, prior=1.000, danger=1, cos=-0.055, dist=0.005)
[TransformerGate] ratio=0.178 success=False
[Integrate] backtrack_ratio=0.960 slide_ratio=0.948
[TransformerGate] Soft blend at step 2 (alpha=0.393, prob=0.000, prior=0.093, danger=0, cos=-0.106, dist=0.001)
[TransformerGate] Soft blend at step 4 (alpha=0.471, prob=0.000, prior=0.171, danger=1, cos=-0.880, dist=0.003)
[TransformerGate] Soft blend at step 150 (alpha=1.000, prob=0.000, prior=1.000, danger=1, cos=-0.055, dist=0.005)
[TransformerGate] ratio=0.178 success=False
[Integrate] backtrack_ratio=0.960 slide_ratio=0.948
[TransformerGate] Soft blend at step 2 (alpha=0.393, prob=0.000, prior=0.093, danger=0, cos=-0.106, dist=0.001)
[TransformerGate] Soft blend at step 4 (alpha=0.471, prob=0.000, prior=0.171, danger=1, cos=-0.880, dist=0.003)
[TransformerGate] Soft blend at step 150 (alpha=1.000, prob=0.000, prior=1.000, danger=1, cos=-0.055, dist=0.005)
[TransformerGate] ratio=0.178 success=False
[path_tube_lookahead] mean dot(-gradT, d_look) = 0.212 | min dot = -5.343
[Integrate] backtrack_ratio=0.960 slide_ratio=0.960
[TransformerGate] Soft blend at step 1 (alpha=0.578, prob=0.000, prior=0.578, danger=1, cos=-0.897, dist=0.009)
[TransformerGate] Soft blend at step 2 (alpha=0.609, prob=0.000, prior=0.609, danger=1, cos=-0.950, dist=0.007)
[TransformerGate] Soft blend at step 3 (alpha=0.704, prob=0.000, prior=0.704, danger=1, cos=-1.000, dist=0.005)
[TransformerGate] Soft blend at step 4 (alpha=0.800, prob=0.000, prior=0.748, danger=2, cos=-1.000, dist=0.006)
[TransformerGate] Soft blend at step 50 (alpha=0.660, prob=1.000, prior=0.171, danger=1, cos=-0.947, dist=0.055)
[TransformerGate] Soft blend at step 75 (alpha=0.374, prob=0.001, prior=0.074, danger=0, cos=-0.007, dist=0.004)
[TransformerGate] ratio=0.243 success=False
[Integrate] backtrack_ratio=0.960 slide_ratio=0.960
[TransformerGate] Soft blend at step 1 (alpha=0.578, prob=0.000, prior=0.578, danger=1, cos=-0.897, dist=0.009)
[TransformerGate] Soft blend at step 2 (alpha=0.609, prob=0.000, prior=0.609, danger=1, cos=-0.950, dist=0.007)
[TransformerGate] Soft blend at step 3 (alpha=0.704, prob=0.000, prior=0.704, danger=1, cos=-1.000, dist=0.005)
[TransformerGate] Soft blend at step 4 (alpha=0.800, prob=0.000, prior=0.748, danger=2, cos=-1.000, dist=0.006)
[TransformerGate] Soft blend at step 50 (alpha=0.660, prob=1.000, prior=0.171, danger=1, cos=-0.947, dist=0.055)
[TransformerGate] Soft blend at step 75 (alpha=0.374, prob=0.001, prior=0.074, danger=0, cos=-0.007, dist=0.004)
[TransformerGate] ratio=0.243 success=False
[Integrate] backtrack_ratio=0.960 slide_ratio=0.960
[TransformerGate] Soft blend at step 1 (alpha=0.578, prob=0.000, prior=0.578, danger=1, cos=-0.897, dist=0.009)
[TransformerGate] Soft blend at step 2 (alpha=0.609, prob=0.000, prior=0.609, danger=1, cos=-0.950, dist=0.007)
[TransformerGate] Soft blend at step 3 (alpha=0.704, prob=0.000, prior=0.704, danger=1, cos=-1.000, dist=0.005)
[TransformerGate] Soft blend at step 4 (alpha=0.800, prob=0.000, prior=0.748, danger=2, cos=-1.000, dist=0.006)
[TransformerGate] Soft blend at step 50 (alpha=0.660, prob=1.000, prior=0.171, danger=1, cos=-0.947, dist=0.055)
[TransformerGate] Soft blend at step 75 (alpha=0.374, prob=0.001, prior=0.074, danger=0, cos=-0.007, dist=0.004)
[TransformerGate] ratio=0.243 success=False
[path_tube_lookahead] mean dot(-gradT, d_look) = 1.290 | min dot = -4.037
[Integrate] backtrack_ratio=0.922 slide_ratio=0.864
[TransformerGate] Soft blend at step 2 (alpha=0.397, prob=0.000, prior=0.097, danger=0, cos=-0.142, dist=0.001)
[TransformerGate] Soft blend at step 4 (alpha=0.470, prob=0.000, prior=0.170, danger=1, cos=-0.872, dist=0.003)
[TransformerGate] Soft blend at step 75 (alpha=0.660, prob=1.000, prior=0.000, danger=1, cos=-0.995, dist=0.091)
[TransformerGate] Soft blend at step 150 (alpha=1.000, prob=0.000, prior=1.000, danger=0, cos=-0.077, dist=0.018)
[TransformerGate] ratio=0.245 success=False
[Integrate] backtrack_ratio=0.922 slide_ratio=0.864
[TransformerGate] Soft blend at step 2 (alpha=0.397, prob=0.000, prior=0.097, danger=0, cos=-0.142, dist=0.001)
[TransformerGate] Soft blend at step 4 (alpha=0.470, prob=0.000, prior=0.170, danger=1, cos=-0.872, dist=0.003)
[TransformerGate] Soft blend at step 75 (alpha=0.660, prob=1.000, prior=0.000, danger=1, cos=-0.995, dist=0.091)
[TransformerGate] Soft blend at step 150 (alpha=1.000, prob=0.000, prior=1.000, danger=0, cos=-0.077, dist=0.018)
[TransformerGate] ratio=0.245 success=False
[Integrate] backtrack_ratio=0.922 slide_ratio=0.864
[TransformerGate] Soft blend at step 2 (alpha=0.397, prob=0.000, prior=0.097, danger=0, cos=-0.142, dist=0.001)
[TransformerGate] Soft blend at step 4 (alpha=0.470, prob=0.000, prior=0.170, danger=1, cos=-0.872, dist=0.003)
[TransformerGate] Soft blend at step 75 (alpha=0.660, prob=1.000, prior=0.000, danger=1, cos=-0.995, dist=0.091)
[TransformerGate] Soft blend at step 150 (alpha=1.000, prob=0.000, prior=1.000, danger=0, cos=-0.077, dist=0.018)
[TransformerGate] ratio=0.245 success=False
[path_tube_lookahead] mean(T(x)-T(look)) = -0.084
[path_tube_lookahead] mean dot(-gradT, d_look) = -0.257 | min dot = -5.404
[Integrate] backtrack_ratio=0.389 slide_ratio=0.167
[TransformerGate] Soft blend at step 2 (alpha=0.388, prob=0.000, prior=0.088, danger=0, cos=-0.061, dist=0.001)
[TransformerGate] Soft blend at step 4 (alpha=0.471, prob=0.000, prior=0.171, danger=1, cos=-0.874, dist=0.002)
[TransformerGate] Soft blend at step 75 (alpha=0.660, prob=1.000, prior=0.264, danger=1, cos=-0.996, dist=0.033)
[Integrate] backtrack_ratio=0.091 slide_ratio=0.080
[TransformerGate] ratio=0.391 success=True
[Integrate] backtrack_ratio=0.389 slide_ratio=0.167
[TransformerGate] Soft blend at step 2 (alpha=0.388, prob=0.000, prior=0.088, danger=0, cos=-0.061, dist=0.001)
[TransformerGate] Soft blend at step 4 (alpha=0.471, prob=0.000, prior=0.171, danger=1, cos=-0.874, dist=0.002)
[TransformerGate] Soft blend at step 75 (alpha=0.660, prob=1.000, prior=0.264, danger=1, cos=-0.996, dist=0.033)
[Integrate] backtrack_ratio=0.091 slide_ratio=0.080
[TransformerGate] ratio=0.391 success=True
[Integrate] backtrack_ratio=0.389 slide_ratio=0.167
[TransformerGate] Soft blend at step 2 (alpha=0.388, prob=0.000, prior=0.088, danger=0, cos=-0.061, dist=0.001)
[TransformerGate] Soft blend at step 4 (alpha=0.471, prob=0.000, prior=0.171, danger=1, cos=-0.874, dist=0.002)
[TransformerGate] Soft blend at step 75 (alpha=0.660, prob=1.000, prior=0.264, danger=1, cos=-0.996, dist=0.033)
[Integrate] backtrack_ratio=0.091 slide_ratio=0.080
[TransformerGate] ratio=0.391 success=True
[path_tube_lookahead] mean dot(-gradT, d_look) = 2.164 | min dot = -5.374
[Integrate] backtrack_ratio=0.960 slide_ratio=0.948
[TransformerGate] Soft blend at step 2 (alpha=0.440, prob=0.000, prior=0.140, danger=0, cos=-0.541, dist=0.002)
[TransformerGate] Soft blend at step 3 (alpha=0.421, prob=0.000, prior=0.121, danger=0, cos=-0.297, dist=0.018)
[TransformerGate] Soft blend at step 100 (alpha=1.000, prob=0.000, prior=1.000, danger=0, cos=-0.230, dist=0.012)
[TransformerGate] ratio=0.173 success=False
[Integrate] backtrack_ratio=0.960 slide_ratio=0.948
[TransformerGate] Soft blend at step 2 (alpha=0.440, prob=0.000, prior=0.140, danger=0, cos=-0.541, dist=0.002)
[TransformerGate] Soft blend at step 3 (alpha=0.421, prob=0.000, prior=0.121, danger=0, cos=-0.297, dist=0.018)
[TransformerGate] Soft blend at step 100 (alpha=1.000, prob=0.000, prior=1.000, danger=0, cos=-0.230, dist=0.012)
[TransformerGate] ratio=0.173 success=False
[Integrate] backtrack_ratio=0.960 slide_ratio=0.948
[TransformerGate] Soft blend at step 2 (alpha=0.440, prob=0.000, prior=0.140, danger=0, cos=-0.541, dist=0.002)
[TransformerGate] Soft blend at step 3 (alpha=0.421, prob=0.000, prior=0.121, danger=0, cos=-0.297, dist=0.018)
[TransformerGate] Soft blend at step 100 (alpha=1.000, prob=0.000, prior=1.000, danger=0, cos=-0.230, dist=0.012)
[TransformerGate] ratio=0.173 success=False
[path_tube_lookahead] mean dot(-gradT, d_look) = 2.168 | min dot = -4.434
[TransformerGate] Soft blend at step 2 (alpha=0.401, prob=0.000, prior=0.101, danger=0, cos=-0.177, dist=0.001)
[TransformerGate] Soft blend at step 4 (alpha=0.472, prob=0.000, prior=0.172, danger=1, cos=-0.891, dist=0.003)
[TransformerGate] Soft blend at step 175 (alpha=1.000, prob=0.000, prior=1.000, danger=0, cos=-0.133, dist=0.002)
[TransformerGate] ratio=0.174 success=False
[TransformerGate] Soft blend at step 2 (alpha=0.401, prob=0.000, prior=0.101, danger=0, cos=-0.177, dist=0.001)
[TransformerGate] Soft blend at step 4 (alpha=0.472, prob=0.000, prior=0.172, danger=1, cos=-0.891, dist=0.003)
[TransformerGate] Soft blend at step 175 (alpha=1.000, prob=0.000, prior=1.000, danger=0, cos=-0.133, dist=0.002)
[TransformerGate] ratio=0.174 success=False
[TransformerGate] Soft blend at step 2 (alpha=0.401, prob=0.000, prior=0.101, danger=0, cos=-0.177, dist=0.001)
[TransformerGate] Soft blend at step 4 (alpha=0.472, prob=0.000, prior=0.172, danger=1, cos=-0.891, dist=0.003)
[TransformerGate] Soft blend at step 175 (alpha=1.000, prob=0.000, prior=1.000, danger=0, cos=-0.133, dist=0.002)
[TransformerGate] ratio=0.174 success=False
[path_tube_lookahead] mean dot(-gradT, d_look) = 1.201 | min dot = -5.531
[Integrate] backtrack_ratio=0.920 slide_ratio=0.908
[TransformerGate] Soft blend at step 2 (alpha=0.400, prob=0.000, prior=0.100, danger=0, cos=-0.167, dist=0.001)
[TransformerGate] Soft blend at step 4 (alpha=0.470, prob=0.000, prior=0.170, danger=1, cos=-0.865, dist=0.003)
[TransformerGate] Soft blend at step 150 (alpha=0.660, prob=1.000, prior=0.255, danger=1, cos=-0.899, dist=0.003)
[TransformerGate] Soft blend at step 225 (alpha=0.410, prob=0.000, prior=0.110, danger=0, cos=-0.042, dist=0.017)
[TransformerGate] ratio=0.246 success=False
[Integrate] backtrack_ratio=0.920 slide_ratio=0.908
[TransformerGate] Soft blend at step 2 (alpha=0.400, prob=0.000, prior=0.100, danger=0, cos=-0.167, dist=0.001)
[TransformerGate] Soft blend at step 4 (alpha=0.470, prob=0.000, prior=0.170, danger=1, cos=-0.865, dist=0.003)
[TransformerGate] Soft blend at step 150 (alpha=0.660, prob=1.000, prior=0.255, danger=1, cos=-0.899, dist=0.003)
[TransformerGate] Soft blend at step 225 (alpha=0.410, prob=0.000, prior=0.110, danger=0, cos=-0.042, dist=0.017)
[TransformerGate] ratio=0.246 success=False
[Integrate] backtrack_ratio=0.920 slide_ratio=0.908
[TransformerGate] Soft blend at step 2 (alpha=0.400, prob=0.000, prior=0.100, danger=0, cos=-0.167, dist=0.001)
[TransformerGate] Soft blend at step 4 (alpha=0.470, prob=0.000, prior=0.170, danger=1, cos=-0.865, dist=0.003)
[TransformerGate] Soft blend at step 150 (alpha=0.660, prob=1.000, prior=0.255, danger=1, cos=-0.899, dist=0.003)
[TransformerGate] Soft blend at step 225 (alpha=0.410, prob=0.000, prior=0.110, danger=0, cos=-0.042, dist=0.017)
[TransformerGate] ratio=0.246 success=False
[path_tube_lookahead] mean dot(-gradT, d_look) = 0.193 | min dot = -10.315
[Integrate] backtrack_ratio=0.912 slide_ratio=0.904
[TransformerGate] Soft blend at step 2 (alpha=0.381, prob=0.000, prior=0.081, danger=0, cos=-0.003, dist=0.001)
[TransformerGate] Soft blend at step 4 (alpha=0.472, prob=0.000, prior=0.172, danger=1, cos=-0.888, dist=0.003)
[TransformerGate] Soft blend at step 25 (alpha=0.960, prob=1.000, prior=0.000, danger=1, cos=-0.937, dist=0.040)
[TransformerGate] Soft blend at step 50 (alpha=1.000, prob=0.000, prior=1.000, danger=0, cos=-0.187, dist=0.009)
[TransformerGate] Soft blend at step 75 (alpha=0.960, prob=0.998, prior=0.000, danger=1, cos=-0.909, dist=0.016)
[TransformerGate] Soft blend at step 150 (alpha=0.446, prob=0.972, prior=0.000, danger=0, cos=-0.795, dist=0.139)
[TransformerGate] Soft blend at step 175 (alpha=0.660, prob=1.000, prior=0.000, danger=1, cos=-0.949, dist=0.249)
[TransformerGate] Soft blend at step 200 (alpha=0.960, prob=1.000, prior=0.000, danger=1, cos=-0.990, dist=0.254)
[TransformerGate] Soft blend at step 225 (alpha=0.960, prob=1.000, prior=0.000, danger=1, cos=-1.000, dist=0.236)
[TransformerGate] ratio=0.403 success=False
[Integrate] backtrack_ratio=0.912 slide_ratio=0.904
[TransformerGate] Soft blend at step 2 (alpha=0.381, prob=0.000, prior=0.081, danger=0, cos=-0.003, dist=0.001)
[TransformerGate] Soft blend at step 4 (alpha=0.472, prob=0.000, prior=0.172, danger=1, cos=-0.888, dist=0.003)
[TransformerGate] Soft blend at step 25 (alpha=0.960, prob=1.000, prior=0.000, danger=1, cos=-0.937, dist=0.040)
[TransformerGate] Soft blend at step 50 (alpha=1.000, prob=0.000, prior=1.000, danger=0, cos=-0.187, dist=0.009)
[TransformerGate] Soft blend at step 75 (alpha=0.960, prob=0.998, prior=0.000, danger=1, cos=-0.909, dist=0.016)
[TransformerGate] Soft blend at step 150 (alpha=0.446, prob=0.972, prior=0.000, danger=0, cos=-0.795, dist=0.139)
[TransformerGate] Soft blend at step 175 (alpha=0.660, prob=1.000, prior=0.000, danger=1, cos=-0.949, dist=0.249)
[TransformerGate] Soft blend at step 200 (alpha=0.960, prob=1.000, prior=0.000, danger=1, cos=-0.990, dist=0.254)
[TransformerGate] Soft blend at step 225 (alpha=0.960, prob=1.000, prior=0.000, danger=1, cos=-1.000, dist=0.236)
[TransformerGate] ratio=0.403 success=False
[Integrate] backtrack_ratio=0.912 slide_ratio=0.904
[TransformerGate] Soft blend at step 2 (alpha=0.381, prob=0.000, prior=0.081, danger=0, cos=-0.003, dist=0.001)
[TransformerGate] Soft blend at step 4 (alpha=0.472, prob=0.000, prior=0.172, danger=1, cos=-0.888, dist=0.003)
[TransformerGate] Soft blend at step 25 (alpha=0.960, prob=1.000, prior=0.000, danger=1, cos=-0.937, dist=0.040)
[TransformerGate] Soft blend at step 50 (alpha=1.000, prob=0.000, prior=1.000, danger=0, cos=-0.187, dist=0.009)
[TransformerGate] Soft blend at step 75 (alpha=0.960, prob=0.998, prior=0.000, danger=1, cos=-0.909, dist=0.016)
[TransformerGate] Soft blend at step 150 (alpha=0.446, prob=0.972, prior=0.000, danger=0, cos=-0.795, dist=0.139)
[TransformerGate] Soft blend at step 175 (alpha=0.660, prob=1.000, prior=0.000, danger=1, cos=-0.949, dist=0.249)
[TransformerGate] Soft blend at step 200 (alpha=0.960, prob=1.000, prior=0.000, danger=1, cos=-0.990, dist=0.254)
[TransformerGate] Soft blend at step 225 (alpha=0.960, prob=1.000, prior=0.000, danger=1, cos=-1.000, dist=0.236)
[TransformerGate] ratio=0.403 success=False
[path_tube_lookahead] mean(T(x)-T(look)) = -0.074
[path_tube_lookahead] mean dot(-gradT, d_look) = -0.127 | min dot = -4.376
[TransformerGate] Soft blend at step 2 (alpha=0.383, prob=0.000, prior=0.083, danger=0, cos=-0.017, dist=0.001)
[TransformerGate] Soft blend at step 4 (alpha=0.472, prob=0.000, prior=0.172, danger=1, cos=-0.891, dist=0.003)
[TransformerGate] Soft blend at step 75 (alpha=0.660, prob=1.000, prior=0.000, danger=1, cos=-0.998, dist=0.102)
[TransformerGate] Soft blend at step 100 (alpha=0.660, prob=1.000, prior=0.293, danger=1, cos=-0.996, dist=0.010)
[TransformerGate] Soft blend at step 125 (alpha=0.660, prob=0.998, prior=0.054, danger=1, cos=-0.958, dist=0.034)
[TransformerGate] ratio=0.381 success=True
[TransformerGate] Soft blend at step 2 (alpha=0.383, prob=0.000, prior=0.083, danger=0, cos=-0.017, dist=0.001)
[TransformerGate] Soft blend at step 4 (alpha=0.472, prob=0.000, prior=0.172, danger=1, cos=-0.891, dist=0.003)
[TransformerGate] Soft blend at step 75 (alpha=0.660, prob=1.000, prior=0.000, danger=1, cos=-0.998, dist=0.102)
[TransformerGate] Soft blend at step 100 (alpha=0.660, prob=1.000, prior=0.293, danger=1, cos=-0.996, dist=0.010)
[TransformerGate] Soft blend at step 125 (alpha=0.660, prob=0.998, prior=0.054, danger=1, cos=-0.958, dist=0.034)
[TransformerGate] ratio=0.381 success=True
[TransformerGate] Soft blend at step 2 (alpha=0.383, prob=0.000, prior=0.083, danger=0, cos=-0.017, dist=0.001)
[TransformerGate] Soft blend at step 4 (alpha=0.472, prob=0.000, prior=0.172, danger=1, cos=-0.891, dist=0.003)
[TransformerGate] Soft blend at step 75 (alpha=0.660, prob=1.000, prior=0.000, danger=1, cos=-0.998, dist=0.102)
[TransformerGate] Soft blend at step 100 (alpha=0.660, prob=1.000, prior=0.293, danger=1, cos=-0.996, dist=0.010)
[TransformerGate] Soft blend at step 125 (alpha=0.660, prob=0.998, prior=0.054, danger=1, cos=-0.958, dist=0.034)
[TransformerGate] ratio=0.381 success=True
{
  "classic": {
    "rsa": {
      "success": {
        "mean": 1.0,
        "std": 0.0
      },
      "optimality_gap": {
        "mean": -0.0006396329033344634,
        "std": 0.004250042924448345
      },
      "gating_ratio": {
        "mean": null,
        "std": null
      },
      "safety_margin": {
        "mean": 0.004103763680905104,
        "std": 0.006350474347510055
      }
    },
    "vanilla_pinn": {
      "success": {
        "mean": 0.0,
        "std": 0.0
      },
      "optimality_gap": {
        "mean": 0.7850726848861309,
        "std": 0.043463710885531304
      },
      "gating_ratio": {
        "mean": null,
        "std": null
      },
      "safety_margin": {
        "mean": 0.032820988819003104,
        "std": 0.06715849825661739
      }
    },
    "rhp_pinn": {
      "success": {
        "mean": 0.2,
        "std": 0.4000000000000001
      },
      "optimality_gap": {
        "mean": 0.6291847926562828,
        "std": 0.2011710589890553
      },
      "gating_ratio": {
        "mean": 0.5235888499695692,
        "std": 0.1254628907299995
      },
      "safety_margin": {
        "mean": 0.018246383033692838,
        "std": 0.05457829732916491
      }
    }
  },
  "random": {
    "rsa": {
      "success": {
        "mean": 1.0,
        "std": 0.0
      },
      "optimality_gap": {
        "mean": -0.0020255714417414033,
        "std": 0.0
      },
      "gating_ratio": {
        "mean": null,
        "std": null
      },
      "safety_margin": {
        "mean": 0.09127938201030096,
        "std": 0.04478496972796389
      }
    },
    "vanilla_pinn": {
      "success": {
        "mean": 0.0,
        "std": 0.0
      },
      "optimality_gap": {
        "mean": 0.7873189425315251,
        "std": 0.7666032297299993
      },
      "gating_ratio": {
        "mean": null,
        "std": null
      },
      "safety_margin": {
        "mean": 0.032715550251305105,
        "std": 0.0644589952427348
      }
    },
    "rhp_pinn": {
      "success": {
        "mean": 0.36666666666666664,
        "std": 0.48189440982669857
      },
      "optimality_gap": {
        "mean": 0.9128078134745867,
        "std": 0.4125752142257257
      },
      "gating_ratio": {
        "mean": 0.3191943303147321,
        "std": 0.12087575705757365
      },
      "safety_margin": {
        "mean": 0.09272674166907867,
        "std": 0.062264494979111705
      }
    }
  },
  "rubble": {
    "rsa": {
      "success": {
        "mean": 1.0,
        "std": 0.0
      },
      "optimality_gap": {
        "mean": -0.0020255714417414033,
        "std": 0.0
      },
      "gating_ratio": {
        "mean": null,
        "std": null
      },
      "safety_margin": {
        "mean": 0.12755446173250676,
        "std": 0.05331058546556196
      }
    },
    "vanilla_pinn": {
      "success": {
        "mean": 0.0,
        "std": 0.0
      },
      "optimality_gap": {
        "mean": 0.8138238255753855,
        "std": 0.7060415764666089
      },
      "gating_ratio": {
        "mean": null,
        "std": null
      },
      "safety_margin": {
        "mean": 0.0367492045275867,
        "std": 0.07355897844106297
      }
    },
    "rhp_pinn": {
      "success": {
        "mean": 0.2,
        "std": 0.4000000000000001
      },
      "optimality_gap": {
        "mean": 1.0868967933264628,
        "std": 0.25855303608611335
      },
      "gating_ratio": {
        "mean": 0.27101067371215587,
        "std": 0.08554425264629198
      },
      "safety_margin": {
        "mean": 0.11298098545521498,
        "std": 0.07020509894823691
      }
    }
  },
  "overall": {
    "rsa": {
      "success": {
        "mean": 1.0,
        "std": 0.0
      },
      "optimality_gap": {
        "mean": -0.0017945816853402463,
        "std": 0.0018103200861781972
      },
      "gating_ratio": {
        "mean": null,
        "std": null
      },
      "safety_margin": {
        "mean": 0.08884180552947024,
        "std": 0.06046644618384392
      }
    },
    "vanilla_pinn": {
      "success": {
        "mean": 0.0,
        "std": 0.0
      },
      "optimality_gap": {
        "mean": 0.7957795272719129,
        "std": 0.6785892988913469
      },
      "gating_ratio": {
        "mean": null,
        "std": null
      },
      "safety_margin": {
        "mean": 0.03407767477134863,
        "std": 0.06809113532790986
      }
    },
    "rhp_pinn": {
      "success": {
        "mean": 0.2833333333333333,
        "std": 0.45061686115319244
      },
      "optimality_gap": {
        "mean": 0.9235669699554947,
        "std": 0.3708516031052566
      },
      "gating_ratio": {
        "mean": 0.33719886472301286,
        "std": 0.14064428584271593
      },
      "safety_margin": {
        "mean": 0.0870647631585598,
        "std": 0.07146368422988977
      }
    }
  }
}
